-- phpMyAdmin SQL Dump
-- version 5.2.1
-- https://www.phpmyadmin.net/
--
-- Host: localhost
-- Generation Time: Dec 09, 2023 at 08:19 PM
-- Server version: 10.4.32-MariaDB
-- PHP Version: 8.2.12

SET SQL_MODE = "NO_AUTO_VALUE_ON_ZERO";
START TRANSACTION;
SET time_zone = "+00:00";


/*!40101 SET @OLD_CHARACTER_SET_CLIENT=@@CHARACTER_SET_CLIENT */;
/*!40101 SET @OLD_CHARACTER_SET_RESULTS=@@CHARACTER_SET_RESULTS */;
/*!40101 SET @OLD_COLLATION_CONNECTION=@@COLLATION_CONNECTION */;
/*!40101 SET NAMES utf8mb4 */;

--
-- Database: `research`
--

-- --------------------------------------------------------

--
-- Table structure for table `a_codes`
--

CREATE TABLE `a_codes` (
  `id` int(11) NOT NULL,
  `a_code` varchar(255) NOT NULL,
  `status` int(1) NOT NULL DEFAULT 0
) ENGINE=InnoDB DEFAULT CHARSET=utf8mb4 COLLATE=utf8mb4_general_ci;

--
-- Dumping data for table `a_codes`
--

INSERT INTO `a_codes` (`id`, `a_code`, `status`) VALUES
(1, 'm4bMq6lV', 1),
(2, '6jKdYOcN', 1),
(3, 'kHOoP1h2', 1),
(4, 'MpXyZRqL', 0),
(5, 'bUkiQ0CP', 0),
(6, 'Ld170isS', 0),
(7, 'pE9eszxU', 0),
(8, '0d7spF9S', 0),
(9, 'kagZb0Aw', 0),
(10, 'Ci32hItm', 0),
(11, 'ubQxOHgy', 0),
(12, '7KBSJMFp', 0),
(13, 'xXLKd1TY', 0),
(14, 'CQEJbyDu', 0),
(15, 'Ip6AFdHJ', 0),
(16, 'H4tdY8LP', 0),
(17, 'pGQ1Ih3w', 0),
(18, 'iACwMEWz', 0),
(19, 'LOJru7pF', 0),
(20, 'wG2ZdvzK', 0),
(21, '5lN3j18a', 0),
(22, 'FtL7qTlG', 0),
(23, 'gYXy2zU1', 0),
(24, 'rRbkq54W', 0),
(25, 'dLmiKFXV', 0),
(26, 'o6syrbgE', 0),
(27, 'SlMu5LbZ', 0),
(28, 'u9gELOws', 0),
(29, 'bAgv7DJ9', 0),
(30, '0zalGpMh', 0),
(31, 'leEux6Zz', 0),
(32, 'DM3dTvVB', 0),
(33, 'FCDJxB0T', 0),
(34, 'AQGY2Jhe', 0),
(35, 'aAxLSyml', 0),
(36, 'HJeAapg3', 0),
(37, 'BMu2xycU', 0),
(38, 'SE52pUAt', 0),
(39, 'z58sGvTM', 0),
(40, 'RJvGypoQ', 0),
(41, 'vJCHo7Qp', 0),
(42, 'F9vVOGEt', 0),
(43, 'K3y1daMW', 0),
(44, 'R6okhOx5', 0),
(45, 'FqO9D6w7', 0),
(46, 'zs4vupgd', 0),
(47, 'x3GVKLYF', 0),
(48, '1TzfKkFy', 0),
(49, 'JsVBzREl', 0),
(50, 'HeJ5pD9N', 0),
(51, 'h98JYKzg', 0),
(52, 'zy37Msk2', 0),
(53, 'JqN1IEwz', 0),
(54, 'hQXLs9Y7', 0),
(55, 'sFof659B', 0),
(56, 'CUy90Wda', 0),
(57, '8g4kz623', 0),
(58, 'Rhmyq7kY', 0),
(59, 'h6OZUkaV', 0),
(60, 'svR0WU86', 0),
(61, 'Qt4hHA3V', 0),
(62, 'siPz7UFR', 0),
(63, '3LOsJrq7', 0),
(64, 'UPoI2X5G', 0),
(65, 'PhER7vIM', 0),
(66, 'FT9RDWda', 0),
(67, 'JvKDralN', 0),
(68, '0G3RWftX', 0),
(69, 'xTbXoKyE', 0),
(70, 'HIfy5B0R', 0),
(71, 'Ehyku5Ur', 0),
(72, 'yaVS4AeP', 0),
(73, 'NLd70uAK', 0),
(74, 'w7ftNxK6', 0),
(75, 'lVmTqU0R', 0),
(76, 'Fh0sqZjE', 0),
(77, 'S5DVf9Np', 0),
(78, 'Y43Cwlk5', 0),
(79, 'GJwovQhT', 0),
(80, 'Am9Iz7Go', 0),
(81, 'lIcvOLpq', 0),
(82, '1aWA0CLK', 0),
(83, 'ZhUP2b4d', 0),
(84, 'Mh423HRz', 0),
(85, '9KxyvtEj', 0),
(86, 'ZpMomx8i', 0),
(87, 'JQLMVEhU', 0),
(88, 'Bw3fIuj9', 0),
(89, 'D6yY4gkH', 0),
(90, 'vx1lDqVP', 0),
(91, 'sUC8OFvz', 0),
(92, 'Pyv03tTi', 0),
(93, 'Fv7bM2LO', 0),
(94, 'ik49cmLX', 0),
(95, 'JqKcFzEL', 0),
(96, 'QK2sNPRX', 0),
(97, 'cNgX1uqS', 0),
(98, 'Dod1K45m', 0),
(99, 'h3v6zUol', 0),
(100, 'o7L5safq', 0),
(101, '8MDElxsT', 0),
(102, '0heKw2xI', 0),
(103, 'YfJgML0K', 0),
(104, 'DMNzmdlb', 0),
(105, '9qCrvdoa', 0),
(106, 'HpyEvcRs', 0),
(107, '42cvmtKg', 0),
(108, 'x19GwpV6', 0),
(109, 'hBV6rmEp', 0),
(110, 'xQzVAZMw', 0),
(111, 'KQGNlx0L', 0),
(112, 'PlcJKDV3', 0),
(113, '80OQFryc', 0),
(114, '84pyLC7Y', 0),
(115, 'XNeyMhbs', 0),
(116, 'BpRzSh5O', 0),
(117, 'X5LFbdxG', 0),
(118, 'W02vL4b9', 0),
(119, 'rxlUpjSB', 0),
(120, 'MdVJZtcw', 0),
(121, 'Ns6H9fOT', 0),
(122, 'OgX2PzkJ', 0),
(123, 'RvdI5fgW', 0),
(124, 'yeOJFviG', 0),
(125, '63tXkKLp', 0),
(126, 'd5xB2lc4', 0),
(127, 'DedljJtm', 0),
(128, 'kX34dgEW', 0),
(129, 'vTI1x4lk', 0),
(130, 'ER7wCAip', 0),
(131, 'HLfFe5cZ', 0),
(132, 'rfPglOaM', 0),
(133, 'ywAFp8h1', 0),
(134, 'dPpiABwQ', 0),
(135, 'DEAe2pv0', 0),
(136, 'ZyRaciIT', 0),
(137, 'VUbSFiDj', 0),
(138, 'zLWhi8Vw', 0),
(139, 'JLXxTCMR', 0),
(140, 'bzjDW6x1', 0),
(141, 'ml9VhWxr', 0),
(142, 'TdJCNSE1', 0),
(143, 'l7WMZkXg', 0),
(144, 'uxZj5Rhg', 0),
(145, 'VDuqSBgx', 0),
(146, 'qHaBXLVu', 0),
(147, 'GgyUv3jT', 0),
(148, '2l3M1Tmr', 0),
(149, '3UmtQeyL', 0),
(150, 'MfVWZz8C', 0),
(151, 'vL3Qlqpy', 0),
(152, 'SOqd1GyZ', 0),
(153, 'st8W6AIh', 0),
(154, 'rMXTjIJc', 0),
(155, 'ZAFamhHy', 0),
(156, 'hx80BFuR', 0),
(157, '8qxS5z73', 0),
(158, 'H4pYyBum', 0),
(159, 'ZK8OeP2k', 0),
(160, '5jVDMoYN', 0),
(161, 'IgmBjLKf', 0),
(162, '2sVKRPXd', 0),
(163, 'lAgDqwit', 0),
(164, 's0SqdRTP', 0),
(165, 'pfOb6x1t', 0),
(166, 'HL9wUzs1', 0),
(167, 'iH6ESvPB', 0),
(168, 'hzCEGRYe', 0),
(169, 'btJR7m5Z', 0),
(170, 'Wc578OeY', 0),
(171, 'hDmXeiQ6', 0),
(172, 'P2UpXcWY', 0),
(173, 'ONYUrEf1', 0),
(174, 'rTJqy2pL', 0),
(175, 'IKGMXx4Z', 0),
(176, 'uj6Rk3aD', 0),
(177, 'PjlpuC60', 0),
(178, 'QBfPsqX2', 0),
(179, 'fQRTWgOb', 0),
(180, 'kNfer0iW', 0),
(181, 'gBE0IHxd', 0),
(182, '3Ohrj9Rz', 0),
(183, '9JT0iCjM', 0),
(184, 'sB4u6AEj', 0),
(185, 'c80IYaTZ', 0),
(186, 'l6eRHEAW', 0),
(187, 'u0fIpKq6', 0),
(188, 'jMkmfTW5', 0),
(189, 'FPmIeOwN', 0),
(190, '5h1tUVKd', 0),
(191, 'vHYX1c6N', 0),
(192, 'e0NWTDm7', 0),
(193, 'j5Jr2zgY', 0),
(194, 'EL9yb1qG', 0),
(195, 'A4r2w5aX', 0),
(196, 'd4G72ViX', 0),
(197, 'kFC1yPJs', 0),
(198, 'FYux1Bhw', 0),
(199, 'E8f2vbiX', 0),
(200, 'g5yqCubQ', 0);

-- --------------------------------------------------------

--
-- Table structure for table `section`
--

CREATE TABLE `section` (
  `sec_code` varchar(5) NOT NULL,
  `sec_name` varchar(30) NOT NULL,
  `num` int(2) NOT NULL
) ENGINE=InnoDB DEFAULT CHARSET=utf8mb4 COLLATE=utf8mb4_general_ci;

--
-- Dumping data for table `section`
--

INSERT INTO `section` (`sec_code`, `sec_name`, `num`) VALUES
('0711', 'Armstrong', 34),
('0712', 'Cassini', 34),
('0713', 'Copernicus', 34),
('0714', 'Galilei', 34),
('0715', 'Halley', 34),
('0716', 'Hubble', 35),
('0717', 'Kepler', 35),
('0718', 'Ptolemy', 35),
('0719', 'Herschel', 26),
('0811', 'Aristotle', 35),
('0812', 'Darwin', 37),
('0813', 'Fleming', 36),
('0814', 'Hooke', 36),
('0815', 'Jenner', 36),
('0816', 'Linnaeus', 35),
('0817', 'Mendel', 36),
('0818', 'Pasteur', 35),
('0819', 'Vesalius', 34),
('0911', 'Arrhenius', 25),
('0912', 'Boyle', 38),
('0913', 'Curie', 38),
('0914', 'Dalton', 39),
('0915', 'Franklin', 24),
('0916', 'Lavoisier', 37),
('0917', 'Mendeleev', 39),
('0918', 'Pauling', 39),
('0919', 'Rutherford', 39),
('1011', 'Archimedes', 37),
('1012', 'Edison', 37),
('1013', 'Einstein', 38),
('1014', 'Faraday', 37),
('1015', 'Maxwell', 38),
('1016', 'Newton', 37),
('1017', 'Pascal', 37),
('1018', 'Thomson', 38),
('1019', 'Bernoulli', 35);

-- --------------------------------------------------------

--
-- Table structure for table `students`
--

CREATE TABLE `students` (
  `username` varchar(15) NOT NULL,
  `level` varchar(2) NOT NULL,
  `sec_code` varchar(5) NOT NULL,
  `sec_name` varchar(225) NOT NULL,
  `fname` varchar(30) NOT NULL,
  `gname` varchar(30) NOT NULL,
  `mname` varchar(30) NOT NULL,
  `gender` varchar(1) NOT NULL,
  `count` int(1) NOT NULL DEFAULT 0
) ENGINE=InnoDB DEFAULT CHARSET=utf8mb4 COLLATE=utf8mb4_general_ci;

--
-- Dumping data for table `students`
--

INSERT INTO `students` (`username`, `level`, `sec_code`, `sec_name`, `fname`, `gname`, `mname`, `gender`, `count`) VALUES
('27860820894', '9', '0918', 'Pauling', 'Martinez', 'Sabrina Marie', 'Madarang', '2', 0),
('30560801125', '10', '1015', 'Maxwell', 'Bravante', 'Precious Rochel', 'Bugarin', '2', 2),
('30660800325', '10', '1016', 'Newton', 'Pascual', 'Khyle Rafael', 'Argonza', '1', 1),
('30660800981', '10', '1019', 'Bernoulli', 'Sotomango', 'Raphael Vered', 'Abiera', '1', 2),
('30660801211', '10', '1016', 'Newton', 'Albino', 'Denn Rylan Joseph', 'Noot', '1', 1),
('30699900452', '10', '1014', 'Faraday', 'Eid Hamatto', 'Mustafa', 'Jamal', '1', 1),
('30758600690', '10', '1018', 'Thomson', 'Zafarullah', 'Ali Zafar', 'Delos Reyes', '1', 1),
('30760800006', '10', '1017', 'Pascal', 'Marabur', 'Rizza', 'Alim', '2', 2),
('30760800033', '10', '1018', 'Thomson', 'De Ocampo', 'John Dale', 'Manansala', '1', 2),
('30760800103', '10', '1014', 'Faraday', 'Aspiras', 'Jose Benjamin', 'Ventura', '1', 1),
('30760800153', '10', '1016', 'Newton', 'Romero', 'Catherine Amour', 'Morcilla', '2', 2),
('30760800176', '10', '1016', 'Newton', 'Somera', 'Juzmine Eden Ylda', 'Buluran', '2', 1),
('30760800177', '10', '1012', 'Edison', 'Garcia', 'Jana Daniella Antonia', 'Pel', '2', 2),
('30760800197', '10', '1015', 'Maxwell', 'Pulmon', 'Pauline Andrea', 'Benjamin', '2', 0),
('30760800199', '10', '1012', 'Edison', 'Magtaka', 'Cymone Sheik', 'Barceta', '1', 0),
('30760800241', '10', '1016', 'Newton', 'Jove', 'Brent Aemier', 'Argel', '1', 2),
('30760800264', '10', '1016', 'Newton', 'Molina', 'Rollin III', 'Tejada', '1', 0),
('30760800269', '10', '1014', 'Faraday', 'Dones', 'Fretz Justine', 'Nery', '1', 0),
('30760800275', '10', '1019', 'Bernoulli', 'Regulto', 'Charles Nathaniel', 'Cayado', '1', 1),
('30760800278', '10', '1016', 'Newton', 'Sacdalan', 'Micko', 'Simeon', '1', 2),
('30760800288', '10', '1018', 'Thomson', 'Yapana', 'Karlynne Elliana', 'Delos Santos', '2', 0),
('30760800290', '10', '1015', 'Maxwell', 'Jimenea', 'Joshua Ethan', 'Bautista', '1', 1),
('30760800295', '10', '1012', 'Edison', 'Valenzuela', 'Moses Jacob', 'Alayon', '1', 1),
('30760800305', '10', '1012', 'Edison', 'Velasco', 'Queen Esther', 'Manzano', '2', 2),
('30760800307', '10', '1016', 'Newton', 'Urbiztondo', 'Ron Andrei Lawrence', 'Gumangan', '1', 1),
('30760800315', '10', '1017', 'Pascal', 'Medalle', 'Ram Anthony', 'Acas', '1', 2),
('30760800326', '10', '1011', 'Archimedes', 'Capatayan', 'Leean Nathalie', 'Gotico', '2', 2),
('30760800328', '10', '1012', 'Edison', 'Dimaranan', 'Charlie Mariam', 'De Guzman', '2', 0),
('30760800331', '10', '1018', 'Thomson', 'Padil', 'Justine Matthew', 'Olpindo', '1', 1),
('30760800335', '10', '1018', 'Thomson', 'Bariuan', 'Ythan Clark', 'Macaalay', '1', 1),
('30760800339', '10', '1013', 'Einstein', 'Tandoc', 'Carl Enzo', 'Mercado', '1', 2),
('30760800351', '10', '1014', 'Faraday', 'Garces', 'Kirk Weezer', 'Corpuz', '1', 1),
('30760800354', '10', '1018', 'Thomson', 'Rabanillo', 'Kirsten Chloe', 'Calimquim', '2', 2),
('30760800355', '10', '1018', 'Thomson', 'Balbin', 'Althea Kamilla', 'Rovira', '2', 1),
('30760800358', '10', '1019', 'Bernoulli', 'Magboo', 'Alecx', 'Balon', '2', 1),
('30760800359', '10', '1011', 'Archimedes', 'Abalon', 'James Andrew', 'Saligao', '1', 0),
('30760800360', '10', '1018', 'Thomson', 'Nepomuceno', 'Ethan Joel', 'Pitpitan', '1', 2),
('30760800367', '10', '1011', 'Archimedes', 'Jumawan', 'Matthew Maxcien', 'Reuyan', '1', 2),
('30760800387', '10', '1013', 'Einstein', 'Abdurasid', 'Zeyad', 'Abdurahsi', '1', 0),
('30760800396', '10', '1012', 'Edison', 'Carambas', 'Aleiyah Claire', 'Caasi', '2', 2),
('30760800402', '9', '0913', 'Curie', 'Santiago', 'Mhargo Shannel', 'Seneca', '2', 0),
('30760800411', '10', '1016', 'Newton', 'Alih', 'Sameera', 'Aming', '2', 1),
('30760800426', '10', '1011', 'Archimedes', 'Santiago', 'Meiala Juliana', 'Roxas', '2', 1),
('30760800430', '10', '1018', 'Thomson', 'Finuliar', 'Angelo Joshua', 'Ponciano', '1', 1),
('30760800432', '10', '1013', 'Einstein', 'Macasa', 'Kristiana Louraine', 'Francisco', '2', 1),
('30760800433', '10', '1013', 'Einstein', 'Ocampo', 'Gian Carlo', 'Castro', '1', 2),
('30760800442', '10', '1019', 'Bernoulli', 'Ogabar', 'Craig Vincent', 'Quiteles', '1', 1),
('30760800445', '10', '1017', 'Pascal', 'Del Rosario', 'Patrizia Althea', 'Manlapig', '2', 1),
('30760800471', '10', '1012', 'Edison', 'Salvador', 'Gjuan Zephan', 'Limpin', '1', 1),
('30760800482', '10', '1018', 'Thomson', 'Tubio', 'Roch Brent', 'Cabatuan', '1', 2),
('30760800494', '10', '1013', 'Einstein', 'Borja', 'Carel', 'Rivera', '2', 0),
('30760800502', '10', '1015', 'Maxwell', 'Tolentino', 'Earl Andrew', 'Corcuera', '1', 2),
('30760800519', '10', '1011', 'Archimedes', 'Agana', 'Liezelle', 'Vergara', '2', 2),
('30760800562', '10', '1019', 'Bernoulli', 'Sales', 'Andrei', 'Javillonar', '1', 1),
('30760800565', '10', '1013', 'Einstein', 'Sesdoyro', 'Samantha', 'Agapito', '2', 1),
('30760800584', '10', '1011', 'Archimedes', 'Tamano', 'Ahmad Rayyan', 'Latiph', '1', 1),
('30760800587', '10', '1013', 'Einstein', 'Poblete', 'Joshanne Mae', 'Enriquez', '2', 2),
('30760800644', '10', '1013', 'Einstein', 'Villanueva', 'Laurence Jean', 'Tan', '1', 2),
('30760800649', '10', '1016', 'Newton', 'Celestial', 'Will Asher', 'Digal', '1', 0),
('30760800661', '10', '1015', 'Maxwell', 'Garcia', 'Marc Andrei', 'Tuazon', '1', 1),
('30760800682', '10', '1017', 'Pascal', 'Butalid', 'Martin Angelo', 'Macaspe', '1', 0),
('30760800683', '10', '1011', 'Archimedes', 'Ventura', 'Bernice', 'Ibangga', '2', 1),
('30760800686', '10', '1014', 'Faraday', 'Santos', 'Cromwell Terence', 'Defensor', '1', 2),
('30760800689', '10', '1017', 'Pascal', 'Laudit', 'Julianne Kristine', 'Tolentino', '2', 2),
('30760800698', '10', '1019', 'Bernoulli', 'Casagnap', 'Carlos Miguel', 'Manalansan', '1', 1),
('30760800717', '10', '1018', 'Thomson', 'Capatayan', 'Jenika Sofia', 'Guerrero', '2', 1),
('30760800731', '10', '1017', 'Pascal', 'Visales', 'Datu Ijzrin', 'Mad', '1', 1),
('30760800740', '10', '1018', 'Thomson', 'Mendoza', 'Jana Noah', 'Roxas', '2', 1),
('30760800770', '10', '1011', 'Archimedes', 'Altura', 'Minco Angelo', 'Maldonado', '1', 2),
('30760800852', '10', '1015', 'Maxwell', 'Moreto', 'Emmanuel', 'Mendoza', '1', 1),
('30760800862', '10', '1012', 'Edison', 'De Guzman', 'Sean Genesis', 'Nicolas', '1', 1),
('30760800863', '10', '1019', 'Bernoulli', 'Ruffy', 'Ethan Matthew', 'Sevilla', '1', 1),
('30760800896', '10', '1014', 'Faraday', 'Espanto', 'Val Gildan', 'Analupa', '1', 0),
('30760800937', '10', '1019', 'Bernoulli', 'Ramboyong', 'Jeslord Anzia', 'Bartilet', '2', 2),
('30760800959', '10', '1017', 'Pascal', 'Febre', 'Josh Christian', 'Nuada', '1', 0),
('30760800961', '10', '1013', 'Einstein', 'Agaton', 'Adriana', 'Guillermo', '2', 1),
('30760800981', '10', '1013', 'Einstein', 'Uy', 'Harry Lanz Carmelo', 'Borlaza', '1', 1),
('30760800994', '9', '0912', 'Boyle', 'Padios', 'Santino Miguel', 'Palisbo', '1', 0),
('30760801028', '10', '1018', 'Thomson', 'Chua', 'Althea Elyzibeth', 'Hernandez', '2', 0),
('30760801048', '9', '0914', 'Dalton', 'Muñoz', 'Caitlin', 'Payag', '2', 0),
('30760801064', '10', '1019', 'Bernoulli', 'Resuma', 'Ediza', 'Octubre', '2', 1),
('30760801070', '10', '1015', 'Maxwell', 'Dones', 'Denice Alexa', 'Nery', '2', 1),
('30760801100', '10', '1012', 'Edison', 'Bondoc', 'Jashleen Nichole', 'Dela Cruz', '2', 2),
('30760801105', '10', '1019', 'Bernoulli', 'Somo', 'Kirsten Lei', 'Farillas', '2', 2),
('30760801125', '10', '1014', 'Faraday', 'Geraldizo', 'Sydelle Nicole', 'Gregorio', '2', 0),
('30760801153', '10', '1012', 'Edison', 'Canillo', 'Nhiel Bryan', 'Cruz', '1', 1),
('30760801164', '10', '1018', 'Thomson', 'Dublas', 'Robert Jhon', 'Niere', '1', 2),
('30760801166', '10', '1018', 'Thomson', 'Cortez', 'Raphael Zedrick Danc', 'Samson', '1', 1),
('30760801174', '10', '1016', 'Newton', 'Palanca', 'Keira Mhay', 'Ramos', '2', 2),
('30760801178', '10', '1016', 'Newton', 'Dimal', 'Travis Eleazar', 'Estrada', '1', 1),
('30760801201', '10', '1011', 'Archimedes', 'Mercado III', 'Marcelino', 'Dumalanta', '1', 1),
('30760801207', '10', '1015', 'Maxwell', 'Orale', 'Amiel Thomas', 'Defeo', '1', 0),
('30760801213', '9', '0914', 'Dalton', 'San Mateo', 'Alexa Perl', 'Romulo', '2', 0),
('30760801239', '8', '0818', 'Pasteur', 'Seda', 'Florence Dy', 'Bona', '1', 0),
('30760801241', '10', '1015', 'Maxwell', 'Lacson', 'Khien Nathalie', 'Noceja', '2', 1),
('30760801244', '10', '1014', 'Faraday', 'Ponce', 'Eunice Sofie', 'Sevilleno', '2', 2),
('30760801259', '10', '1016', 'Newton', 'Baladad', 'Alexandra Nicole', 'Ragel', '2', 1),
('30760801267', '10', '1014', 'Faraday', 'Artiaga', 'Athena Jade', 'Tusi', '2', 2),
('30760801270', '10', '1016', 'Newton', 'Bautista', 'Moira Bellatrix', 'Lagutan', '2', 1),
('30760801295', '10', '1013', 'Einstein', 'Barbas', 'Janine Ysabella', 'Flores', '2', 2),
('30760801296', '10', '1019', 'Bernoulli', 'Manzano', 'Ethan Zyrix', 'Villafranca', '1', 0),
('30760801310', '10', '1017', 'Pascal', 'Gulan', 'Franz Lorenz', 'Bulosan', '1', 2),
('30760801312', '10', '1016', 'Newton', 'De Dios', 'Maria Rosario', 'Espinosa', '2', 1),
('30760801318', '10', '1012', 'Edison', 'Cueto', 'Marc Chito Joaquin', 'Mendoza', '1', 0),
('30760801329', '10', '1011', 'Archimedes', 'Respicio', 'Elisha Julianna', 'Capoquian', '2', 1),
('30760801332', '10', '1011', 'Archimedes', 'Payumo', 'Mikhaella Francessca', 'Mascariñas', '2', 1),
('30760801351', '10', '1017', 'Pascal', 'Alejandro', 'John Danzel', 'Hornido', '1', 1),
('30760801355', '10', '1019', 'Bernoulli', 'Bersabe', 'Alena', 'Camero', '2', 1),
('30760801365', '10', '1015', 'Maxwell', 'Bien', 'Jhed Louis', 'Magtanao', '1', 1),
('30760801371', '10', '1019', 'Bernoulli', 'Urrea', 'Manuel Lorenzo', 'Mendoza', '1', 1),
('30760801379', '10', '1019', 'Bernoulli', 'Manalang', 'Mark Gabrielle', 'Victoriano', '1', 1),
('30760801380', '10', '1013', 'Einstein', 'Lopez', 'Maria Qatrizza', 'Sioco', '2', 1),
('30773600477', '9', '0919', 'Rutherford', 'Ali', 'Yazen', 'Husam', '1', 0),
('30776400010', '10', '1014', 'Faraday', 'Khamkhongkliang', 'Chayada', 'Prasobnut', '2', 1),
('30782600838', '10', '1012', 'Edison', 'Incabo', 'Christian Dafydd', '', '1', 1),
('30814400014', '10', '1011', 'Archimedes', 'Abdul Hameedu', 'Feras', 'Singson', '1', 2),
('30836400111', '10', '1016', 'Newton', 'Goodarzi Manesh', 'Danyal', 'Macaalay', '1', 0),
('30852400023', '10', '1015', 'Maxwell', 'Sharma', 'Martina Kim', 'Bermundo', '2', 2),
('30860800006', '10', '1016', 'Newton', 'Bucu', 'Caleb Joseph', 'Castro', '1', 2),
('30860800010', '10', '1011', 'Archimedes', 'Vargas', 'Ruffa Sofia', 'Jalali', '2', 1),
('30860800011', '10', '1019', 'Bernoulli', 'Natal', 'Andrei Josh', 'Landoy', '1', 1),
('30860800013', '10', '1017', 'Pascal', 'Benito', 'Elisha Jasmine', 'Vibar', '2', 1),
('30860800014', '10', '1018', 'Thomson', 'Dela Cruz', 'Arianna Rizche', 'Guinto', '2', 0),
('30860800016', '10', '1015', 'Maxwell', 'Dimaano', 'Sean Jayden', 'Tade', '1', 1),
('30860800022', '10', '1013', 'Einstein', 'Valdez', 'Yeojina Cloey Qatrizze', 'Wagayen', '2', 0),
('30860800030', '10', '1015', 'Maxwell', 'Amoncio', 'Rafael Andrei', 'Benjamin', '1', 2),
('30860800033', '10', '1018', 'Thomson', 'Pasia', 'Briana Belle Mar', 'Deocampo', '2', 2),
('30860800034', '10', '1016', 'Newton', 'Nova', 'Princess', 'Mostaza', '2', 1),
('30860800042', '9', '0914', 'Dalton', 'Fausto', 'Kenth Lui', 'Pacamaman', '1', 0),
('30860800043', '9', '0914', 'Dalton', 'Castillo', 'Chaerwyn Eve', 'Monje', '2', 0),
('30860800044', '10', '1014', 'Faraday', 'Basco', 'Faye Yasmine', 'Rebagoda', '2', 2),
('30860800046', '9', '0916', 'Lavoisier', 'Ocampo', 'Markus Troy', 'Castro', '1', 0),
('30860800060', '10', '1018', 'Thomson', 'Salazar', 'Ivann', 'Flores', '1', 2),
('30860800061', '10', '1015', 'Maxwell', 'Paderon', 'Erika Faye', 'Colelorio', '2', 1),
('30860800062', '10', '1014', 'Faraday', 'Teves', 'Aiden Gavriel', 'Molina', '1', 2),
('30860800078', '10', '1017', 'Pascal', 'Sy', 'Sean Gabriel', 'Aniero', '1', 0),
('30860800092', '10', '1017', 'Pascal', 'Mendoza', 'Jan Audrey', 'Hayag', '2', 2),
('30860800094', '10', '1017', 'Pascal', 'San Juan', 'Marc Eronz', 'Limot', '1', 1),
('30860800110', '10', '1013', 'Einstein', 'Sali', 'Hafiz', 'Sahipa', '1', 1),
('30860800116', '10', '1013', 'Einstein', 'Gallardo', 'Patrice Faye', 'Cain', '2', 0),
('30860800118', '10', '1011', 'Archimedes', 'Colle', 'Bea Patricia', 'Buenaventura', '2', 0),
('30860800120', '10', '1014', 'Faraday', 'Argana', 'Florence Natalie', 'Ilagan', '2', 0),
('30860800142', '10', '1019', 'Bernoulli', 'Carmen', 'Freya', 'de Guia', '2', 2),
('30860800143', '10', '1015', 'Maxwell', 'Martinez', 'Carlitos', 'Tingzon', '1', 2),
('30860800148', '10', '1016', 'Newton', 'Bulan', 'Alyza Jeline', 'Perez', '2', 2),
('30860800161', '10', '1012', 'Edison', 'Torino', 'Bianca Grace', 'Evangelio', '2', 1),
('30860800165', '10', '1017', 'Pascal', 'Caisip', 'Tracey', 'Gueco', '2', 1),
('30860800167', '10', '1018', 'Thomson', 'Juayang', 'Liandro James', 'Macalino', '1', 1),
('30860800175', '10', '1017', 'Pascal', 'Sadsad', 'Paul Mario', 'Opiniano', '1', 2),
('30860800176', '10', '1013', 'Einstein', 'Noja', 'Joan Grace', 'Fadul', '2', 2),
('30860800177', '10', '1017', 'Pascal', 'Balagot', 'Jaybelle Zairene', 'Belenzo', '2', 1),
('30860800181', '10', '1011', 'Archimedes', 'Bernados', 'Kristen Richelle', 'Octavio', '2', 1),
('30860800183', '10', '1013', 'Einstein', 'Mamac', 'Justin Liam', 'Mundala', '1', 1),
('30860800192', '10', '1012', 'Edison', 'Alcaraz', 'Alyzza Nicci', 'Medina', '2', 1),
('30860800196', '10', '1018', 'Thomson', 'Maestrecampo', 'Matt Vincent', 'Baldivinos', '1', 0),
('30860800198', '10', '1013', 'Einstein', 'Ilan', 'Mackein Ernest', 'Olpot', '1', 0),
('30860800213', '10', '1012', 'Edison', 'Pagcaliwagan', 'Andrew Rayne', 'Mendiola', '1', 1),
('30860800216', '10', '1016', 'Newton', 'Manzano', 'Julaine Sian', 'Cruza', '2', 1),
('30860800217', '10', '1014', 'Faraday', 'Delmindo', 'Immanuel', 'Geli', '1', 1),
('30860800220', '10', '1014', 'Faraday', 'Agonia', 'Breanna Lizeth', 'Comiling', '2', 0),
('30860800228', '10', '1015', 'Maxwell', 'Roldan', 'Samantha', 'Pacle', '2', 1),
('30860800241', '10', '1017', 'Pascal', 'Juanatas', 'Marc Joaquin', 'Caguioa', '1', 0),
('30860800255', '10', '1011', 'Archimedes', 'Urbano', 'Cyrus', 'Corpuz', '1', 2),
('30860800258', '10', '1015', 'Maxwell', 'Ulod', 'Aaleyah', 'Edris', '2', 2),
('30860800260', '10', '1012', 'Edison', 'Sapinoso', 'Reese Samantha', 'Gomez', '2', 1),
('30860800261', '10', '1018', 'Thomson', 'Herrera', 'Euri', 'Macatula', '2', 1),
('30860800263', '10', '1012', 'Edison', 'Itoralba', 'Juliana Ysabelle', 'Caya', '2', 2),
('30860800269', '9', '0912', 'Boyle', 'Castrence', 'Julia Ann', 'Abaday', '2', 0),
('30860800287', '10', '1011', 'Archimedes', 'Nicolas', 'Ashton Pyrrhus', 'Sopenasky', '1', 0),
('30860800301', '10', '1016', 'Newton', 'De Leon', 'Jerome Gabriel', 'Andaya', '1', 1),
('30860800307', '10', '1015', 'Maxwell', 'Desierto', 'Tracy Lalaine', 'Beltran', '2', 1),
('30860800313', '10', '1014', 'Faraday', 'Calixtro', 'Rafael Brian', 'Castro', '1', 0),
('30860800320', '10', '1017', 'Pascal', 'Navera', 'Jared Benedict', 'Belgrado', '1', 2),
('30860800325', '9', '0917', 'Mendeleev', 'Pumareja', 'Deisen Cristof', 'Enaguas', '1', 0),
('30860800328', '10', '1011', 'Archimedes', 'Torio', 'Manuel David', 'Garcia', '1', 1),
('30860800329', '10', '1016', 'Newton', 'Esmele', 'Shareen Nadine', 'Pedregosa', '2', 0),
('30860800335', '9', '0913', 'Curie', 'Anqui', 'Zane Edward', 'Toledo', '1', 0),
('30860800337', '10', '1013', 'Einstein', 'Uyanguren', 'Jewelle Faith', 'Romero', '2', 0),
('30860800339', '10', '1016', 'Newton', 'Ajero', 'Carl Miguel', 'San Juan', '1', 2),
('30860800346', '10', '1014', 'Faraday', 'Casumlong', 'Stephanie Claire', 'Liwaliw', '2', 0),
('30860800348', '10', '1015', 'Maxwell', 'Belarmino', 'Renz Saeed', 'Antenor', '1', 1),
('30860800355', '10', '1011', 'Archimedes', 'Sale', 'Sedhryx Angelo', 'Alejandro', '1', 1),
('30860800366', '10', '1014', 'Faraday', 'Bael', 'Claver John', 'Gomez', '1', 1),
('30860800368', '10', '1015', 'Maxwell', 'Pascual', 'Kody Russel', 'Argonza', '1', 1),
('30860800370', '9', '0916', 'Lavoisier', 'Igama', 'Kristine Chariz', 'Adriano', '2', 0),
('30860800371', '9', '0919', 'Rutherford', 'Isip', 'Jeanne Rafaelle', 'Bonifacio', '2', 0),
('30860800377', '9', '0913', 'Curie', 'Guiang', 'Alynna Kathryne', 'Mosquito', '2', 0),
('30860800379', '10', '1015', 'Maxwell', 'Ponce', 'Kimi', 'Ebrada', '1', 1),
('30860800383', '9', '0918', 'Pauling', 'Evacula', 'Enya Leigh', 'Fernandez', '2', 0),
('30860800384', '10', '1017', 'Pascal', 'Pacia', 'Asher Vanrell', 'Laconsay', '1', 1),
('30860800388', '9', '0916', 'Lavoisier', 'Nepomuceno', 'Aaron Joel', 'Pitpitan', '1', 0),
('30860800393', '8', '0817', 'Mendel', 'Ramirez', 'Nysa Nicole', 'Sales', '2', 0),
('30860800396', '10', '1012', 'Edison', 'Nor', 'Alimudin Al-Firroze Jr.', 'Mascud', '1', 0),
('30860800406', '9', '0919', 'Rutherford', 'Garduce', 'Daivid', 'Hajihil', '1', 0),
('30860800407', '10', '1013', 'Einstein', 'Dela Rosa', 'Euen Karl', 'De Borja', '1', 2),
('30860800410', '9', '0919', 'Rutherford', 'Tareno', 'Yuna Alliyah', 'Resultan', '2', 0),
('30860800411', '9', '0914', 'Dalton', 'Campomanes', 'Angelo Gabriel', 'Gade', '1', 0),
('30860800412', '10', '1012', 'Edison', 'Gatmaitan', 'Raila Ritzi', 'Peralta', '2', 1),
('30860800418', '9', '0913', 'Curie', 'Rupisan', 'Dylan Grace', 'Mejia', '2', 0),
('30860800420', '10', '1015', 'Maxwell', 'Bernales', 'Andre Rafael', 'Caruana', '1', 0),
('30860800425', '10', '1017', 'Pascal', 'Ballesteros', 'Gabriel Romeo', 'Limjuco', '1', 1),
('30860800431', '10', '1014', 'Faraday', 'Borja', 'Samantha Nicole', 'Magali', '2', 0),
('30860800438', '10', '1014', 'Faraday', 'Largo', 'Jason Emmanuel', 'Arispe', '1', 1),
('30860800440', '10', '1011', 'Archimedes', 'Tolentin', 'Yanichel Marie', 'Galabo', '2', 1),
('30860800466', '10', '1019', 'Bernoulli', 'Pacate', 'Dharah Mirianne', 'Barona', '2', 1),
('30860800468', '10', '1011', 'Archimedes', 'Campillanos', 'Japheth', 'Ganotice', '1', 2),
('30860800477', '10', '1011', 'Archimedes', 'Cristobal', 'Lee Shanelle', 'Baybayon', '2', 2),
('30860800481', '9', '0914', 'Dalton', 'Punzalan', 'Kenneth Girome', 'Magadia', '1', 0),
('30860800484', '9', '0917', 'Mendeleev', 'Mirabel', 'Raphael Anthony', 'Barco', '1', 0),
('30860800489', '9', '0914', 'Dalton', 'Quiazon', 'Geeann Leigh', 'Balmes', '2', 0),
('30860800492', '10', '1014', 'Faraday', 'Repas', 'Charles Andrei', 'Ra1s', '1', 2),
('30860800499', '8', '0813', 'Fleming', 'Conosa', 'Katrice', 'Quial', '2', 0),
('30860800500', '10', '1012', 'Edison', 'Aganon', 'Eida Marie', 'Pino', '2', 2),
('30860800509', '10', '1013', 'Einstein', 'Paligutan', 'Ryle Jyrus', 'Jimenez', '1', 0),
('30860800530', '9', '0913', 'Curie', 'Salcedo', 'Louven', 'Badinas', '2', 0),
('30860800542', '9', '0912', 'Boyle', 'Dalumpines', 'Joshua Bernice', 'Dictado', '1', 0),
('30860800544', '10', '1014', 'Faraday', 'Rodriguez', 'Lara Marina', 'Albay', '2', 1),
('30860800552', '10', '1012', 'Edison', 'Tan', 'Earl Andrei', 'Mamangon', '1', 1),
('30860800558', '10', '1013', 'Einstein', 'Apostol', 'Wilzen Edric', 'Calibat', '1', 1),
('30860800564', '9', '0915', 'Franklin', 'Ramiscal', 'Ralph Vincent', 'Espiso', '1', 0),
('30860800568', '10', '1019', 'Bernoulli', 'Escartin', 'Jean Matthew', 'Rivera', '1', 1),
('30860800570', '10', '1018', 'Thomson', 'Medina', 'Joram Ameer', 'Gulam', '1', 2),
('30860800582', '10', '1017', 'Pascal', 'Fajardo', 'Crisha Allyson', 'Datu', '2', 0),
('30860800592', '9', '0912', 'Boyle', 'Sanoria', 'Sean Marco', 'Gervacio', '1', 0),
('30860800594', '10', '1012', 'Edison', 'Mirabueno', 'Jahred Xavier', 'Rodiel', '1', 1),
('30860800595', '10', '1014', 'Faraday', 'Dacutanan', 'Sean Nikoli', 'Rojas', '1', 2),
('30860800603', '10', '1013', 'Einstein', 'Yahiya', 'Ameera', 'Jasani', '2', 1),
('30860800610', '10', '1014', 'Faraday', 'Malla', 'Millie Ellaine', 'Bacani', '2', 1),
('30860800619', '10', '1017', 'Pascal', 'Sadjail', 'Mohammad Kadeen', 'Abdulla', '1', 0),
('30860800624', '9', '0914', 'Dalton', 'Balajadia', 'Princes Jillian Anjanel', 'Evangelista', '2', 0),
('30860800636', '10', '1014', 'Faraday', 'Umandap', 'Rianna Danielle', 'Bayangos', '2', 2),
('30860800638', '10', '1016', 'Newton', 'Latonio', 'Naomi Izabelle', 'Villanueva', '2', 1),
('30860800640', '9', '0912', 'Boyle', 'Macasa', 'Sophia Marie', 'Calpa', '2', 0),
('30860800643', '10', '1013', 'Einstein', 'Blin', 'Sakinah', 'Sappal', '2', 2),
('30860800653', '10', '1019', 'Bernoulli', 'Barcinas', 'Jan Jeremy', 'Recamara', '1', 0),
('30860800677', '10', '1017', 'Pascal', 'Balase', 'Henry Rodolfo III', 'Suson', '1', 1),
('30860800678', '10', '1018', 'Thomson', 'Rivera', 'Timothy Jeremiah', 'Jose', '1', 2),
('30860800680', '9', '0919', 'Rutherford', 'Zenarosa', 'Jameelah', 'Lucendo', '2', 0),
('30860800693', '10', '1011', 'Archimedes', 'Forcado', 'Emir Joshua', 'Santiago', '1', 2),
('30860800694', '10', '1016', 'Newton', 'Mamangun', 'Nathaniel', 'Basco', '1', 0),
('30860800696', '10', '1011', 'Archimedes', 'Deocampo', 'Ma. Angel Sheina', 'Caig', '2', 1),
('30860800712', '10', '1015', 'Maxwell', 'Awit', 'Tristeen Rose', 'Destor', '2', 2),
('30860800722', '10', '1019', 'Bernoulli', 'Royol', 'Michael Rhys', 'Diego', '1', 1),
('30860800730', '10', '1015', 'Maxwell', 'Espino', 'Led Mclloyd', 'Fernandez', '1', 0),
('30860800736', '10', '1015', 'Maxwell', 'Villagracia', 'Krysha', 'Divinagracia', '2', 0),
('30860800745', '10', '1018', 'Thomson', 'Feleo', 'Andrea Joy', 'Diaz', '2', 2),
('30860800751', '10', '1012', 'Edison', 'Nacionales', 'Kaela Marie', 'Fuentes', '2', 1),
('30860800763', '9', '0915', 'Franklin', 'Pilapil', 'Rhianna Reign', 'Barnes', '2', 0),
('30860800765', '10', '1016', 'Newton', 'Orencia', 'John Ezekiel', 'Maranan', '1', 0),
('30860800768', '10', '1016', 'Newton', 'Quiocson', 'Nissi Jireh Joy', 'Cerbantes', '2', 1),
('30860800769', '10', '1013', 'Einstein', 'Carandang', 'Ma. Francesca Louise', 'Bautista', '2', 0),
('30860800777', '10', '1017', 'Pascal', 'Quiogue', 'Samia Kaithlyn', 'Sabalza', '2', 1),
('30860800779', '9', '0918', 'Pauling', 'Manaois', 'Romar Christian', 'Navidad', '1', 0),
('30860800795', '10', '1014', 'Faraday', 'Montejo', 'Juan Rafael', 'Salonga', '1', 0),
('30860800802', '10', '1012', 'Edison', 'Mata', 'John Erwin', 'Bereber', '1', 1),
('30860800810', '10', '1019', 'Bernoulli', 'Gusi', 'Samantha Zoe', 'Regencia', '2', 2),
('30860800813', '9', '0917', 'Mendeleev', 'Reyes', 'Dian Mari Chloe', 'Samia', '2', 0),
('30860800814', '10', '1017', 'Pascal', 'Tubello', 'Martin Fretz Joe', 'Tan', '1', 2),
('30860800817', '10', '1016', 'Newton', 'Sinco', 'Phillipe Ernestheo', 'Memorial', '1', 2),
('30860800819', '10', '1012', 'Edison', 'Abdon', 'Jiro Angelo', 'Codes', '1', 2),
('30860800821', '10', '1014', 'Faraday', 'Dado', 'Gabrielle Anne', 'Reyes', '2', 1),
('30860800828', '10', '1011', 'Archimedes', 'Durante', 'Cean Louise', 'Elfa', '1', 0),
('30860800834', '10', '1018', 'Thomson', 'Llosala', 'Gianne Angeline', 'Lacerona', '2', 1),
('30860800838', '10', '1019', 'Bernoulli', 'Blazo', 'Jeiro Angelo', 'Cadano', '1', 1),
('30860800844', '10', '1018', 'Thomson', 'Elpedes', 'Mikaela Alyssa', 'Magbojos', '2', 1),
('30860800851', '9', '0912', 'Boyle', 'De Vera', 'Unica Raija', 'Abubo', '2', 0),
('30860800852', '10', '1017', 'Pascal', 'Pelaez', 'Lukas Mikael', 'Viloria', '1', 2),
('30860800854', '9', '0919', 'Rutherford', 'Suson', 'Daniela Belle', 'Andaya', '2', 0),
('30860800856', '10', '1018', 'Thomson', 'De Villa', 'Arriel Joshua', 'Cayabyab', '1', 1),
('30860800857', '10', '1011', 'Archimedes', 'Gaorano', 'Simon Jhon', 'Tabulao', '1', 0),
('30860800858', '10', '1016', 'Newton', 'Fajutagana', 'Calvin Kihr', 'Gaño', '1', 0),
('30860800862', '10', '1012', 'Edison', 'Pineda', 'Trisha Moira', 'Aquino', '2', 1),
('30860800863', '10', '1011', 'Archimedes', 'Santos', 'Kaliyah', 'Heinrich', '2', 0),
('30860800888', '10', '1015', 'Maxwell', 'Sanusi', 'Lysandre', 'Librado', '1', 1),
('30860800889', '10', '1012', 'Edison', 'Dela Cruz', 'Jan Bryan Jr.', 'Palao', '1', 1),
('30860800891', '10', '1016', 'Newton', 'Cay', 'Maergret Ansley', 'Berania', '2', 2),
('30860800892', '10', '1014', 'Faraday', 'Palmon', 'Xyrille Nash', 'Cayanan', '1', 0),
('30860800893', '9', '0918', 'Pauling', 'Medrano', 'Hananiah', 'Ripo', '2', 0),
('30860800896', '10', '1013', 'Einstein', 'Hussein', 'Ehsan', 'Abdulmuin', '1', 2),
('30860800911', '10', '1018', 'Thomson', 'Uy', 'Jacob Emmanuel', 'Balina', '1', 1),
('30860800925', '10', '1014', 'Faraday', 'Ligot', 'Yeshua Sam', 'Serrano', '1', 2),
('30860800947', '10', '1012', 'Edison', 'Lumotan', 'Juliah', 'Estiller', '2', 1),
('30860800952', '10', '1018', 'Thomson', 'Ruelos', 'Ksiezna Gwynet Ishtar', 'Javillo', '2', 1),
('30860800953', '9', '0916', 'Lavoisier', 'Morales', 'Johann Gabriel', 'Laggui', '1', 0),
('30860800958', '10', '1011', 'Archimedes', 'Bautista', 'Harvey', 'Villalobos', '1', 0),
('30860800959', '10', '1018', 'Thomson', 'Bergado', 'Precious Jeinah', 'Duran', '2', 1),
('30860800962', '9', '0914', 'Dalton', 'Banag', 'Collenne Dhynnelle', 'Garcia', '2', 0),
('30860800968', '10', '1011', 'Archimedes', 'Ang', 'Shanel Krystal', 'Hidalgo', '2', 1),
('30860800982', '10', '1011', 'Archimedes', 'Maglantay', 'Lance Jared', 'Ferrer', '1', 1),
('30860800984', '10', '1017', 'Pascal', 'Concepcion', 'Matthew Aylwin', '', '1', 1),
('30860800988', '10', '1019', 'Bernoulli', 'Cruz', 'Sofia Noelle', 'Aquino', '2', 1),
('30860800991', '10', '1012', 'Edison', 'Amon', 'Rupert Daniel', 'Baybay', '1', 1),
('30860800995', '9', '0916', 'Lavoisier', 'Ayson', 'Rexer Ken', 'Noto', '1', 0),
('30860801003', '10', '1014', 'Faraday', 'Acosta', 'Aaron John', 'Lanante', '1', 2),
('30860801013', '9', '0915', 'Franklin', 'Ramboyong', 'Terence Myel', 'Bartilet', '2', 0),
('30860801033', '9', '0919', 'Rutherford', 'Patlingrao', 'Angela Nicole', 'Santos', '2', 0),
('30860801035', '9', '0917', 'Mendeleev', 'De Castro', 'Chenielle Eunice', 'Echague', '2', 0),
('30860801040', '10', '1017', 'Pascal', 'Almario', 'Maria Jaiden Arella', 'Cortez', '2', 1),
('30860801041', '10', '1012', 'Edison', 'Cordenillo', 'Allyann Sophia', 'Geminiano', '2', 1),
('30860801047', '9', '0914', 'Dalton', 'Dizon', 'Alano Lindell', 'Azas', '1', 0),
('30860801059', '10', '1013', 'Einstein', 'Sarto', 'Johanne Aliyanarame', 'Cayabyab', '2', 2),
('30860801061', '9', '0912', 'Boyle', 'Vidal', 'Bhea Nicole', 'Bermejo', '2', 0),
('30860801065', '10', '1019', 'Bernoulli', 'Biglete', 'Leel Mateu', 'Espiritu', '1', 1),
('30860801072', '10', '1016', 'Newton', 'Gimpayan', 'Elisha Miguel', 'Quimbo', '1', 2),
('30860801078', '10', '1013', 'Einstein', 'Lagade', 'Benzon Lee', 'Magboo', '1', 0),
('30860801081', '10', '1015', 'Maxwell', 'Doyola', 'Fatima Dana', 'Ventinilla', '2', 1),
('30860801095', '10', '1018', 'Thomson', 'Tagayan', 'Yazmier', 'Romualdo', '1', 1),
('30860801115', '10', '1015', 'Maxwell', 'Masangcay', 'Hannah Cel', 'Dagos', '2', 1),
('30860801128', '9', '0917', 'Mendeleev', 'Borbon', 'Kirsten Heather', 'Mamba', '2', 0),
('30860801139', '10', '1012', 'Edison', 'Gamayo', 'Paolo', 'Rosaro', '1', 2),
('30860801140', '9', '0916', 'Lavoisier', 'Dizon', 'Maddox Jose', 'Javier', '1', 0),
('30860801150', '10', '1019', 'Bernoulli', 'Lachica', 'Jose Antonio', 'Menez', '1', 0),
('30860801160', '10', '1012', 'Edison', 'Resuento', 'Ayen Micah', 'Muje', '2', 1),
('30860801165', '9', '0911', 'Arrhenius', 'Celemen', 'Hailey Margaret', 'Soriaga', '2', 0),
('30860801170', '10', '1016', 'Newton', 'Baligod', 'Rafael Luis', 'Del Mundo', '1', 1),
('30860801171', '9', '0918', 'Pauling', 'Bereña', 'Dean Elijah', 'Murillo', '1', 0),
('30860801173', '10', '1014', 'Faraday', 'Eclevia', 'Artchie', 'Parro', '1', 1),
('30860801193', '10', '1014', 'Faraday', 'Bernales', 'Ryan Vincent', 'Penales', '1', 1),
('30860801197', '10', '1016', 'Newton', 'Umali', 'Dylan Yuri', 'Chavez', '1', 0),
('30860801201', '9', '0917', 'Mendeleev', 'Puno', 'Rodrigo Joaquin', 'Borja', '1', 0),
('30860801204', '10', '1013', 'Einstein', 'Turingan', 'Arnie', 'Cabance', '2', 2),
('30860801206', '9', '0918', 'Pauling', 'Serafin', 'Kiel', 'Gaffud', '1', 0),
('30860801210', '10', '1017', 'Pascal', 'Chavez', 'Paula', 'Madlangbayan', '2', 0),
('30860801214', '10', '1017', 'Pascal', 'Inay', 'Rhianna Gail', 'Barco', '2', 1),
('30860801217', '10', '1015', 'Maxwell', 'Gloria', 'Reese Candice', 'Cardoza', '2', 1),
('30860801220', '8', '0815', 'Jenner', 'Maximo', 'Andrei Collin', 'Cuenco', '1', 0),
('30860801224', '9', '0912', 'Boyle', 'Cordova', 'Samantha Chloe', 'Tuazon', '2', 0),
('30860801227', '8', '0817', 'Mendel', 'Castro', 'King Joevic Sean', 'Canilang', '1', 0),
('30860801230', '10', '1015', 'Maxwell', 'Ruiz', 'Nathaniel Angelo', 'Bautista', '1', 1),
('30860801232', '10', '1018', 'Thomson', 'Sulit', 'Chrystall Faye', 'Sambrano', '2', 1),
('30860801233', '9', '0916', 'Lavoisier', 'Aniag', 'Lancelon Asher', 'Bello', '1', 0),
('30860801235', '10', '1016', 'Newton', 'Resurreccion', 'Jake Lawrence', 'Dela Cruz', '1', 2),
('30860801236', '10', '1011', 'Archimedes', 'Del Mando', 'Ryelle Elijah', 'Sibayan', '1', 1),
('30860801258', '9', '0919', 'Rutherford', 'Mercado', 'Luis Gabriel', 'Guatno', '1', 0),
('30860801262', '9', '0912', 'Boyle', 'Agulto', 'Shanaie Alexa', 'Yasay', '2', 0),
('30860801265', '10', '1013', 'Einstein', 'Rabino', 'Prince Edward', 'Navarro', '1', 1),
('30860801269', '10', '1015', 'Maxwell', 'Bayla', 'Rubix', 'Manguiat', '1', 2),
('30860801272', '10', '1011', 'Archimedes', 'Hassan', 'Naizer', 'Mandin', '1', 2),
('30860801275', '10', '1011', 'Archimedes', 'Pineda', 'Lloyd Christian Jr.', 'De Vera', '1', 0),
('30860801277', '10', '1011', 'Archimedes', 'Mercado', 'Senarie Dorence', 'Balete', '2', 2),
('30860801283', '9', '0912', 'Boyle', 'Saqueton', 'Nathan Chrisler', 'Fontanilla', '1', 0),
('30860801290', '10', '1019', 'Bernoulli', 'Lozano', 'Louise Mariz', 'Faral', '2', 0),
('30860801301', '10', '1013', 'Einstein', 'Amilao', 'Rufino Uriel', 'Salcedo', '1', 2),
('30860801305', '9', '0912', 'Boyle', 'Gonzales', 'Hannah Aleja', 'Legaspi', '2', 0),
('30860801313', '8', '0815', 'Jenner', 'Salzer', 'Mack Levi', 'Arriba', '1', 0),
('30860801315', '10', '1011', 'Archimedes', 'Ancheta', 'Marcus Josea', 'Manese', '1', 1),
('30860801317', '10', '1012', 'Edison', 'Palabrica', 'Mikhail Gerric', 'Diaz', '1', 1),
('30860801331', '10', '1012', 'Edison', 'Aquino', 'Jedrenne Ceneaell', 'Dimaano', '2', 0),
('30860801332', '9', '0913', 'Curie', 'Rollo', 'Rock Dylan', 'Banaña', '1', 0),
('30860801334', '10', '1014', 'Faraday', 'Victorio', 'Maria Angela', 'Muñoz', '2', 2),
('30860801335', '10', '1015', 'Maxwell', 'Manuzon', 'Amira', 'Ramos', '2', 1),
('30860801342', '9', '0917', 'Mendeleev', 'Alvero', 'Kyle Bryant', 'Angeles', '1', 0),
('30860801343', '10', '1017', 'Pascal', 'Pandaan', 'Paula Irish', 'Barbecho', '2', 1),
('30860801345', '9', '0915', 'Franklin', 'Fernandez', 'Grian Elijah', 'Salon', '1', 0),
('30860801346', '10', '1011', 'Archimedes', 'Lontayao', 'Giane Therese', 'Mortel', '2', 0),
('30860801347', '9', '0919', 'Rutherford', 'Perez', 'Carlos Mateo', 'Diaz', '1', 0),
('30860801351', '9', '0919', 'Rutherford', 'Gabutin', 'Josiah Nate', 'Veloria', '1', 0),
('30860801352', '10', '1015', 'Maxwell', 'Catarungan', 'Sophia', 'Malanog', '2', 1),
('30860801356', '10', '1014', 'Faraday', 'Balmonte', 'Yushene Aizen', 'Castro', '2', 1),
('30860801368', '10', '1017', 'Pascal', 'Ronquillo', 'Adrienne Rein', 'Manalaysay', '2', 2),
('30860801370', '10', '1018', 'Thomson', 'Valencia', 'Kelly Alexis', '', '2', 1),
('30860801374', '10', '1013', 'Einstein', 'Casabuena', 'Wil Princeton', 'Lacsamana', '1', 1),
('30860801375', '9', '0914', 'Dalton', 'Dela Cruz', 'Shadrech Vince', 'Salazar', '1', 0),
('30860801378', '9', '0915', 'Franklin', 'Seno', 'Mhel Psymour', 'Robles', '1', 0),
('30860801379', '10', '1018', 'Thomson', 'David', 'Czarlyn Veronica', 'Acma', '2', 0),
('30860801381', '10', '1015', 'Maxwell', 'Navarra', 'Gil Santino', 'Pigano', '1', 0),
('30860801385', '10', '1019', 'Bernoulli', 'Mamburao', 'Angeliya Miyelle', '', '2', 2),
('30860801387', '8', '0818', 'Pasteur', 'Kallattu Thekkeparambil', 'Jerish Marie', 'Perez', '2', 0),
('30860801388', '10', '1014', 'Faraday', 'Bustillos', 'Khloe Nicole', 'Bautista', '2', 2),
('30860801390', '10', '1017', 'Pascal', 'Valencia', 'Rafaela Anika', 'Fernandez', '2', 1),
('30860801392', '10', '1013', 'Einstein', 'Pasion', 'Jayme Madison', 'Rufino', '2', 2),
('30860801393', '10', '1017', 'Pascal', 'Yao', 'Kylie Cassandra', 'Esguerra', '2', 2),
('30860801394', '9', '0913', 'Curie', 'Bonifacio', 'Trisha Ishee', 'Viray', '2', 0),
('30860801398', '10', '1019', 'Bernoulli', 'Icabales', 'Zyrel', 'Garcia', '1', 1),
('30860801399', '10', '1013', 'Einstein', 'Reyes', 'Jullienne Abigaile', 'Tolentino', '2', 0),
('30860801400', '9', '0919', 'Rutherford', 'Vistal', 'Jasper Zachary', 'Vicillas', '1', 0),
('30860801404', '10', '1019', 'Bernoulli', 'Vasquez', 'Gian Carlo', 'Frilles', '1', 1),
('30860801405', '10', '1012', 'Edison', 'Lampayan', 'Rhainbert Nigel', 'Corregidor', '1', 1),
('30860801409', '10', '1016', 'Newton', 'Go', 'Alyjah Gemaikah', 'Peralta', '2', 1),
('30860801414', '8', '0815', 'Jenner', 'Macarimbang', 'Szeddani', 'Mala', '1', 0),
('30860801415', '10', '1015', 'Maxwell', 'Tongson', 'Ethan Carl', 'Gargaritano', '1', 1),
('30860801416', '9', '0914', 'Dalton', 'Libaton', 'Samantha Tatiana', 'Gejon', '2', 0),
('30860801418', '9', '0912', 'Boyle', 'Velasco', 'Leinad Kyle Andrey', 'Chavez', '1', 0),
('30860801419', '10', '1013', 'Einstein', 'Cueto', 'Marc Julian', 'Mendoza', '1', 1),
('30860801420', '10', '1015', 'Maxwell', 'Battad', 'Kirsten Jeanna', '', '2', 2),
('30860801424', '9', '0914', 'Dalton', 'Aquino', 'Shawn Michael', '', '1', 0),
('30860801431', '9', '0916', 'Lavoisier', 'Tan', 'Wil Zygfred', 'Ajos', '1', 0),
('30860801439', '10', '1013', 'Einstein', 'Habing', 'Kim Angelo', 'Lumocso', '1', 0),
('30860801444', '10', '1017', 'Pascal', 'Gonzales', 'Leila Dinara Safina', 'Jomero', '2', 1),
('30860801445', '9', '0915', 'Franklin', 'Botor', 'Marionne Juliester', 'Mangaoang', '2', 0),
('30860801448', '10', '1019', 'Bernoulli', 'Canaria', 'Patrick Anselmo', 'Fuentes', '1', 0),
('30860801450', '10', '1011', 'Archimedes', 'Cruz', 'Jerrikho Rhon', 'Estillore', '1', 2),
('30860801454', '10', '1015', 'Maxwell', 'Legaspi', 'Calvin James', 'Cruz', '1', 1),
('30860801456', '10', '1018', 'Thomson', 'Piezas', 'Klhyiane Sealtiel', 'Etulle', '1', 0),
('30860801459', '9', '0911', 'Arrhenius', 'Maceda', 'Dorothy Nicole', 'Diaz', '2', 0),
('30860801460', '10', '1017', 'Pascal', 'Lucban', 'Allan Jr.', 'Tempra', '1', 1),
('30860801461', '10', '1015', 'Maxwell', 'Viñas', 'Gabriel Xander', 'Ilagan', '1', 2),
('30860801463', '10', '1014', 'Faraday', 'Banzil', 'Alessandra', 'Camaya', '2', 2),
('30860801467', '10', '1014', 'Faraday', 'Quirante', 'Jelle Marivic', 'Dabban', '2', 1),
('30860801473', '10', '1019', 'Bernoulli', 'Martinez', 'Gianine Adriel', 'Roa', '2', 2),
('30860801475', '9', '0915', 'Franklin', 'Urrea', 'Patricia Elizabeth', 'Mendoza', '2', 0),
('30860801485', '10', '1019', 'Bernoulli', 'Dimaano', 'Althea Denisse', 'Quitain', '2', 1),
('30860801488', '10', '1019', 'Bernoulli', 'Delina', 'Krisha Jhoy', 'Dasco', '2', 1),
('30903600200', '9', '0918', 'Pauling', 'Legaspi', 'Leenelle Belle', 'Bapora', '2', 0),
('30923000019', '9', '0917', 'Mendeleev', 'Belay', 'Natan Samson', '', '1', 0),
('30923000034', '9', '0912', 'Boyle', 'Abdi', 'Hassan', 'Hadi', '1', 0),
('30940400006', '10', '1018', 'Thomson', 'Ogari', 'Wayne Mathews', 'Onuong\'a', '1', 1),
('30943000003', '7', '0711', 'Armstrong', 'Doe', 'Edwin G.K.H', '', '1', 0),
('30958600470', '9', '0912', 'Boyle', 'Khan', 'Muhammad Yousef', 'Barrios', '1', 0),
('30960800004', '9', '0913', 'Curie', 'Samonteza', 'Keone Laurenti', 'Udasco', '1', 0),
('30960800013', '9', '0916', 'Lavoisier', 'Padilla', 'Alexis Moira', 'Fernandez', '2', 0),
('30960800015', '10', '1016', 'Newton', 'Manlangit', 'Prisca Arabella', 'Taboclaon', '2', 1),
('30960800024', '9', '0917', 'Mendeleev', 'Padilla', 'Janea Crisly', 'Martin', '2', 0),
('30960800025', '9', '0914', 'Dalton', 'Galarpe', 'Ryzen Keino', 'Limcumpao', '1', 0),
('30960800026', '10', '1017', 'Pascal', 'Balita', 'Althea Sophia', 'Rodaste', '2', 0),
('30960800030', '10', '1013', 'Einstein', 'Casas', 'Jared Joseph', 'Mercado', '1', 2),
('30960800031', '8', '0815', 'Jenner', 'Ramos', 'Michael Jaiden', 'Santella', '1', 0),
('30960800035', '9', '0919', 'Rutherford', 'Aguba', 'Jimlord Heaven', 'Vicencio', '1', 0),
('30960800044', '10', '1012', 'Edison', 'Nicolas', 'Marc Lemiel', 'Ame', '1', 0),
('30960800045', '9', '0911', 'Arrhenius', 'De Guzman', 'Princess Alegria', 'Deliquina', '2', 0),
('30960800061', '8', '0812', 'Darwin', 'Pasia', 'Amber Leona Belle', 'Deocampo', '2', 0),
('30960800072', '9', '0916', 'Lavoisier', 'Reyes', 'Ulysze Antoni', 'Pamilaga', '1', 0),
('30960800073', '9', '0913', 'Curie', 'Enriquez', 'Aaron Carlos', 'Sotto', '1', 0),
('30960800077', '9', '0918', 'Pauling', 'Hipolito', 'Hector III', 'Salvania', '1', 0),
('30960800095', '9', '0914', 'Dalton', 'Abrenica', 'Alijah Gabrielle', 'Bagos', '1', 0),
('30960800096', '8', '0812', 'Darwin', 'Sambo', 'Jethro', 'Gaban', '1', 0),
('30960800098', '9', '0912', 'Boyle', 'Moksir', 'Princess Asmarah', 'Panolong', '2', 0),
('30960800114', '9', '0912', 'Boyle', 'Lanuza', 'Jannah Eunice', 'Reyes', '2', 0),
('30960800118', '9', '0914', 'Dalton', 'Geronimo', 'Luis Gabriel', 'Daniel', '1', 0),
('30960800119', '9', '0914', 'Dalton', 'Rebutazo', 'Maria Janein', 'Mecaydor', '2', 0),
('30960800126', '9', '0912', 'Boyle', 'Celerio', 'Reece Jaiden', 'Zulueta', '1', 0),
('30960800133', '10', '1013', 'Einstein', 'Jacildo', 'Rebekkah Kirsten', 'San Jose', '2', 2),
('30960800135', '9', '0917', 'Mendeleev', 'Santiago', 'Hagritte Stephen', 'Seneca', '1', 0),
('30960800140', '10', '1016', 'Newton', 'Ucang', 'Jerardin Eathel', 'Pradera', '2', 1),
('30960800143', '9', '0918', 'Pauling', 'Ramos', 'Junloid', 'Salvacion', '1', 0),
('30960800145', '9', '0913', 'Curie', 'Nacario', 'Gabriela Raphael', 'Caceres', '2', 0),
('30960800147', '9', '0916', 'Lavoisier', 'Abdurasid', 'Yousuf', 'Abdurahsi', '1', 0),
('30960800152', '9', '0913', 'Curie', 'Gonzales', 'Princess Denise', 'Tubello', '2', 0),
('30960800172', '9', '0917', 'Mendeleev', 'Martinez', 'Catrinna', 'Tingzon', '2', 0),
('30960800175', '9', '0913', 'Curie', 'Salialam', 'Omar Mukhtar', 'Hadjula', '1', 0),
('30960800177', '9', '0916', 'Lavoisier', 'Bordales', 'Gabriel', 'Palma', '1', 0),
('30960800183', '9', '0913', 'Curie', 'De Chavez', 'Enzo', 'Cuasay', '1', 0),
('30960800192', '9', '0918', 'Pauling', 'Reynes', 'Yochabel', 'Ayon', '2', 0),
('30960800197', '9', '0912', 'Boyle', 'Laspobres', 'John Carl', 'Moneva', '1', 0),
('30960800202', '9', '0919', 'Rutherford', 'Nucos', 'Mark Joseph', 'Valiente', '1', 0),
('30960800213', '9', '0913', 'Curie', 'Rosario', 'Derek Reece', 'Guevara', '1', 0),
('30960800214', '9', '0915', 'Franklin', 'Macalma', 'Zyrelle Adrienne', 'Mangahas', '2', 0),
('30960800220', '9', '0914', 'Dalton', 'Lubis', 'Alexis Miguel', 'Landicho', '1', 0),
('30960800225', '9', '0911', 'Arrhenius', 'Jumagdao', 'Lorenzo Manuel', 'Eusebio', '1', 0),
('30960800229', '9', '0916', 'Lavoisier', 'Hornilla', 'Azhar', 'Sahijuan', '1', 0),
('30960800233', '9', '0917', 'Mendeleev', 'Basco', 'Charles Brian', 'Rebagoda', '1', 0),
('30960800236', '9', '0913', 'Curie', 'Villamor', 'Aldwin Louis', 'Monteagudo', '1', 0),
('30960800241', '9', '0913', 'Curie', 'Osia', 'Eighthan Levi', 'Pelgone', '1', 0),
('30960800243', '9', '0914', 'Dalton', 'Macatangay', 'Kyra', 'Piol', '2', 0),
('30960800249', '9', '0919', 'Rutherford', 'Gayda', 'Maureen Rizze', 'Culminas', '2', 0),
('30960800262', '9', '0912', 'Boyle', 'Adriano', 'Sofia Ysabel', 'Endaya', '2', 0),
('30960800263', '9', '0918', 'Pauling', 'Salac', 'Alexia Claire', 'Del Rosario', '2', 0),
('30960800265', '9', '0913', 'Curie', 'Manaor', 'Dwayne Peter Allen', 'Perdito', '1', 0),
('30960800273', '9', '0914', 'Dalton', 'Breguera', 'Juliana Marie', 'Abille', '2', 0),
('30960800274', '9', '0916', 'Lavoisier', 'Tarrega', 'Elisharey Anthonnie', 'De Ocampo', '1', 0),
('30960800275', '9', '0912', 'Boyle', 'Reyes', 'Dominic Carl', 'Popatco', '1', 0),
('30960800282', '9', '0917', 'Mendeleev', 'Garces', 'Abdur Rahman Abdullah', 'Bona', '1', 0),
('30960800285', '9', '0914', 'Dalton', 'Gumangan', 'Ashley Irish', 'Cruz', '2', 0),
('30960800291', '9', '0919', 'Rutherford', 'Macalalad', 'Erin Dominique', 'Reyes', '2', 0),
('30960800305', '9', '0918', 'Pauling', 'Galvez', 'Regina Vera', 'Rafael', '2', 0),
('30960800306', '10', '1012', 'Edison', 'Kitan', 'Jannyx Emmanuel', 'Pampliega', '1', 2),
('30960800320', '9', '0914', 'Dalton', 'Abdulraouf', 'Mohammad Noor', 'Moksir', '1', 0),
('30960800324', '9', '0913', 'Curie', 'Dela Cruz', 'Arkin John', 'Guinto', '1', 0),
('30960800326', '9', '0915', 'Franklin', 'Bancoro', 'Noel Angelo', 'Gabriel', '1', 0),
('30960800327', '9', '0919', 'Rutherford', 'Tayag', 'Jhemayna', 'Sangalang', '2', 0),
('30960800339', '9', '0914', 'Dalton', 'Sarmiento', 'Jarell Matthew', 'Rocha', '1', 0),
('30960800343', '9', '0914', 'Dalton', 'Dekay', 'Fatima Lana Essa', 'Sahidjuan', '2', 0),
('30960800349', '9', '0918', 'Pauling', 'Castro', 'Trey Warrick', 'Cortez', '1', 0),
('30960800354', '9', '0911', 'Arrhenius', 'Udtojan', 'Ja1', 'Cabales', '1', 0),
('30960800370', '9', '0911', 'Arrhenius', 'Villegas', 'Misjah Gynelle', 'Cruz', '2', 0),
('30960800376', '9', '0911', 'Arrhenius', 'Nooh', 'Aisha Rage Ismail', 'Leviste', '2', 0),
('30960800381', '9', '0916', 'Lavoisier', 'Bolus', 'Jillian Seth', 'Dela Peña', '1', 0),
('30960800393', '8', '0819', 'Vesalius', 'Arago', 'Pierce Mclee', 'Angeles', '1', 0),
('30960800401', '9', '0919', 'Rutherford', 'Jatulan', 'Chaniel', 'Medrano', '1', 0),
('30960800405', '9', '0917', 'Mendeleev', 'Capili', 'Ralph Christopher', 'Justimbaste', '1', 0),
('30960800413', '9', '0914', 'Dalton', 'Alvarez', 'Johann', 'Baetiong', '1', 0),
('30960800415', '9', '0918', 'Pauling', 'Koh', 'Khaleel', 'Manzur', '1', 0),
('30960800417', '9', '0917', 'Mendeleev', 'Cabrera', 'Micaela Gabrielle Rae', 'De Guzman', '2', 0),
('30960800423', '9', '0918', 'Pauling', 'Concepcion', 'Charles Steven', 'Mingoy', '1', 0),
('30960800427', '9', '0916', 'Lavoisier', 'Bordallo', 'Nathalie Danielle', 'Ramos', '2', 0),
('30960800430', '9', '0916', 'Lavoisier', 'Corpuz', 'Ma. Louisse', 'Delgado', '2', 0),
('30960800446', '9', '0919', 'Rutherford', 'Torino', 'Jewel Grace', 'Evangelio', '2', 0),
('30960800447', '9', '0917', 'Mendeleev', 'Torino', 'Julia Grace', 'Evangelio', '2', 0),
('30960800456', '9', '0916', 'Lavoisier', 'Abenoja', 'Edrhiel Geric', 'De Guzman', '1', 0),
('30960800461', '9', '0918', 'Pauling', 'Galvez', 'Francis Nathan', 'Peñaflor', '1', 0),
('30960800465', '8', '0816', 'Linnaeus', 'De Guzman', 'Ranzwald Jaiden', 'Pagdanganan', '1', 0),
('30960800468', '9', '0916', 'Lavoisier', 'Nor', 'Suhailah Briannah', 'Mascud', '2', 0),
('30960800473', '9', '0918', 'Pauling', 'Villegas', 'Rania Marguerite', 'Guzman', '2', 0),
('30960800474', '9', '0914', 'Dalton', 'Misa', 'Eunice Psalm', 'Suba', '2', 0),
('30960800479', '9', '0919', 'Rutherford', 'Belgica', 'Gabriel Alexander', 'Macayaon', '1', 0),
('30960800488', '9', '0917', 'Mendeleev', 'Dayrit', 'Adam', 'Basilio', '1', 0),
('30960800493', '9', '0918', 'Pauling', 'Carido', 'Patrice Hart', 'Policarpio', '2', 0),
('30960800502', '9', '0914', 'Dalton', 'Espino', 'Rafaello Jude', 'Erum', '1', 0),
('30960800510', '9', '0917', 'Mendeleev', 'Paltingca', 'Andrea Nicole', 'Ala-an', '2', 0),
('30960800522', '9', '0912', 'Boyle', 'Docoy', 'Hanna Margaret', 'Abuda', '2', 0),
('30960800524', '8', '0813', 'Fleming', 'Mendoza', 'Paulene Dominique', 'Llado', '2', 0),
('30960800527', '8', '0811', 'Aristotle', 'Arcon', 'Johann Lev', 'Ordon', '1', 0),
('30960800531', '8', '0812', 'Darwin', 'Tabili', 'Mishaila Josette', 'Olpindo', '2', 0),
('30960800532', '9', '0918', 'Pauling', 'Deza', 'Gavin Jake', 'Narisma', '1', 0),
('30960800538', '8', '0817', 'Mendel', 'Reyes', 'Leith Michael', 'Compania', '1', 0),
('30960800545', '8', '0811', 'Aristotle', 'Joven', 'Curt Jereli', 'Degorio', '1', 0),
('30960800546', '8', '0814', 'Hooke', 'Salonga', 'Kiean Luis', 'Dagdag', '1', 0),
('30960800565', '8', '0816', 'Linnaeus', 'Bautista', 'Hailey', 'Alejandro', '2', 0),
('30960800566', '8', '0813', 'Fleming', 'Calisura', 'Maria Carmela', 'Beluso', '2', 0),
('30960800567', '9', '0917', 'Mendeleev', 'Vistan', 'Joshua Philippe', 'De Dios', '1', 0),
('30960800573', '9', '0918', 'Pauling', 'Sabellano', 'Steve', 'Gomez', '1', 0),
('30960800575', '8', '0814', 'Hooke', 'Vergara', 'Ariel Samuel, Jr.', 'Kalaw', '1', 0),
('30960800580', '8', '0816', 'Linnaeus', 'Baluyot', 'Zydric Fritz', 'Diaz', '1', 0),
('30960800584', '9', '0918', 'Pauling', 'Baclit', 'Edric Lenard', 'Pagallaman', '1', 0),
('30960800585', '9', '0912', 'Boyle', 'Baclit', 'Edward Louis', 'Pagallaman', '1', 0),
('30960800588', '9', '0917', 'Mendeleev', 'Aguba', 'EJ Anthony', 'Bejasa', '1', 0),
('30960800589', '8', '0814', 'Hooke', 'Tiemsin', 'Miro Jazzim', 'Pagcaliwagan', '1', 0),
('30960800593', '9', '0918', 'Pauling', 'Santiago', 'Maja Jamila', 'Roxas', '2', 0),
('30960800602', '8', '0817', 'Mendel', 'Montilla', 'Samuel Don', 'Manuel', '1', 0),
('30960800608', '8', '0817', 'Mendel', 'Padrejuan', 'Marce Dominic', 'Soriano', '1', 0),
('30960800611', '8', '0817', 'Mendel', 'Diestro', 'Gillianne Anika', 'Pablo', '2', 0),
('30960800623', '9', '0917', 'Mendeleev', 'Atienza', 'Jerimae', 'Siangco', '2', 0),
('30960800636', '9', '0912', 'Boyle', 'Miñoza', 'Charlize Natalie', 'Quilacio', '2', 0),
('30960800642', '8', '0815', 'Jenner', 'Alimurong', 'Haneleigh Anne', 'Santos', '2', 0),
('30960800644', '8', '0817', 'Mendel', 'Tungul', 'Maria Christina', 'Joseph', '2', 0),
('30960800649', '8', '0812', 'Darwin', 'Diez', 'Franz Kurt', 'Rodrigo', '1', 0),
('30960800651', '8', '0818', 'Pasteur', 'Cruz', 'Jad Denzel', 'Gonzales', '1', 0),
('30960800660', '9', '0912', 'Boyle', 'Nicolas', 'Austin Pyrrhus', 'Sopenasky', '1', 0),
('30960800664', '9', '0919', 'Rutherford', 'Hortelano', 'Vyns Samuel', 'Tejada', '1', 0),
('30960800667', '8', '0817', 'Mendel', 'Rendon', 'Qatarina Grace', 'Arciaga', '2', 0),
('30960800669', '9', '0918', 'Pauling', 'Rivera', 'Timothy Elijah', 'Jose', '1', 0),
('30960800671', '8', '0815', 'Jenner', 'Canda', 'Charisse Jane', 'Martin', '2', 0),
('30960800672', '9', '0913', 'Curie', 'Cariño', 'Aneeqa Yvette', 'Gatmaitan', '2', 0),
('30960800679', '9', '0918', 'Pauling', 'Exconde', 'Vince Cesar', 'Balena', '1', 0),
('30960800685', '8', '0816', 'Linnaeus', 'Amoranto', 'Josiah Herald', 'Rosal', '1', 0),
('30960800686', '9', '0919', 'Rutherford', 'Katague', 'Bhrianna Gail', 'Garner', '2', 0),
('30960800694', '8', '0814', 'Hooke', 'De Leon', 'Anne Vernadeth', 'Andaya', '2', 0),
('30960800696', '9', '0918', 'Pauling', 'Tolentino', 'Mary Angeline', 'Paras', '2', 0),
('30960800703', '9', '0916', 'Lavoisier', 'Valenzuela', 'Liam Matthew', 'Mendoza', '1', 0),
('30960800706', '9', '0911', 'Arrhenius', 'Pamandanan', 'Sophia Agatha', 'Labo', '2', 0),
('30960800708', '9', '0919', 'Rutherford', 'Olympia', 'Ranielle Dominic', 'Cases', '1', 0),
('30960800712', '9', '0914', 'Dalton', 'Honrado', 'Jared Paul', 'Aligsao', '1', 0),
('30960800718', '9', '0915', 'Franklin', 'Nunez', 'Keizha Yve', 'Delos Santos', '2', 0),
('30960800729', '9', '0917', 'Mendeleev', 'Custodio', 'Fiona', 'Mayordomo', '2', 0),
('30960800731', '10', '1018', 'Thomson', 'Alfonso', 'Charles Gabriel', 'Macalma', '1', 1),
('30960800741', '9', '0911', 'Arrhenius', 'Cali', 'Marcuz Gabriel', 'Lacuata', '1', 0),
('30960800748', '9', '0917', 'Mendeleev', 'Bentulan', 'Genver Angelo', 'Palo', '1', 0),
('30960800750', '8', '0813', 'Fleming', 'Ventura', 'Andrei Carl', 'Ibangga', '1', 0),
('30960800752', '9', '0913', 'Curie', 'Perez', 'Sophia Ruth Adelheid', 'Austria', '2', 0),
('30960800765', '9', '0919', 'Rutherford', 'Fernando', 'Ashton Yohan', 'Ero', '1', 0),
('30960800781', '9', '0918', 'Pauling', 'Sanchez', 'Jalen Roy', 'Mercado', '1', 0),
('30960800782', '8', '0812', 'Darwin', 'Aiyub', 'Umair', 'Baharan', '1', 0),
('30960800784', '9', '0914', 'Dalton', 'Hernando', 'Charles Tristan', 'Manusig', '1', 0),
('30960800785', '9', '0914', 'Dalton', 'Arevalo', 'Jewelle Alexa', 'Antopina', '2', 0),
('30960800812', '9', '0911', 'Arrhenius', 'Cabatay', 'Ethan Dale', 'Reus', '1', 0),
('30960800827', '9', '0911', 'Arrhenius', 'Santos', 'John Cedrick', 'Aquino', '1', 0),
('30960800832', '9', '0917', 'Mendeleev', 'Acido', 'Cassandra Marieh', 'Cachuela', '2', 0),
('30960800835', '10', '1019', 'Bernoulli', 'Gusi', 'Shaina Zyrene', 'Regencia', '2', 2),
('30960800846', '9', '0919', 'Rutherford', 'Bocalig', 'Carsten', 'Rosales', '1', 0),
('30960800861', '9', '0911', 'Arrhenius', 'Blazo', 'Janella Kirsten', 'Cadano', '2', 0),
('30960800862', '9', '0913', 'Curie', 'Medina', 'Nicole Eunize', 'Marquez', '2', 0),
('30960800867', '9', '0914', 'Dalton', 'Cagurungan', 'Hugo Alfonso', 'Buela', '1', 0),
('30960800873', '8', '0813', 'Fleming', 'Ferreras', 'Jaren Jeff', 'Mendiola', '1', 0),
('30960800874', '8', '0813', 'Fleming', 'Reyes', 'John Lefrel', 'Gualberto', '1', 0),
('30960800879', '9', '0918', 'Pauling', 'Maco', 'Jan Jibril Andrie', 'Perez', '1', 0),
('30960800883', '9', '0913', 'Curie', 'Quero', 'Nique Gabrielle', 'Vicente', '1', 0),
('30960800884', '10', '1018', 'Thomson', 'Almazora', 'Alessandra Venice', 'Raymundo', '2', 1),
('30960800885', '9', '0919', 'Rutherford', 'Larga', 'Dheity Jaeinna', 'Caldona', '2', 0),
('30960800889', '9', '0916', 'Lavoisier', 'Gonzales', 'Nathan David', 'Baldelobar', '1', 0),
('30960800891', '9', '0917', 'Mendeleev', 'Ador', 'Samuel Euli', 'Durol', '1', 0),
('30960800897', '9', '0918', 'Pauling', 'Mangondato', 'Jiehan', 'Basher', '2', 0),
('30960800904', '9', '0919', 'Rutherford', 'Nicolas', 'Reigne Alexa', 'Calubia', '2', 0),
('30960800909', '9', '0918', 'Pauling', 'Merano', 'Keisha Angela', '', '2', 0),
('30960800912', '9', '0913', 'Curie', 'Mallari', 'Mandy Loreen', 'Villanueva', '2', 0),
('30960800915', '9', '0919', 'Rutherford', 'Herrera', 'Luke Chandler', 'Gabay', '1', 0),
('30960800917', '9', '0916', 'Lavoisier', 'Sawit', 'Jas Rhian', 'Gonzales', '2', 0),
('30960800938', '8', '0817', 'Mendel', 'Mercado', 'John Dominic', 'De Sagun', '1', 0),
('30960800959', '9', '0917', 'Mendeleev', 'Macuja', 'Niño Zantheo', 'Fernandez', '1', 0),
('30960800966', '9', '0919', 'Rutherford', 'Fornillos', 'AJ Gabrielle', 'Lagunday', '2', 0),
('30960800982', '9', '0919', 'Rutherford', 'Bacsafra', 'Titus James', 'Anonuevo', '1', 0),
('30960800989', '9', '0919', 'Rutherford', 'Tiamzon', 'Juhan Kert', 'Valencia', '1', 0),
('30960801003', '9', '0911', 'Arrhenius', 'Sotomango', 'Gwyneth Mary', 'Abiera', '2', 0),
('30960801008', '9', '0919', 'Rutherford', 'Lim', 'Chloe Crellize', 'Espe', '2', 0);
INSERT INTO `students` (`username`, `level`, `sec_code`, `sec_name`, `fname`, `gname`, `mname`, `gender`, `count`) VALUES
('30960801016', '8', '0817', 'Mendel', 'Subayco', 'Cyrus', 'Sudaria', '1', 0),
('30960801022', '9', '0916', 'Lavoisier', 'Mendoza', 'Sophia Vernice', 'Rosales', '2', 0),
('30960801026', '9', '0916', 'Lavoisier', 'Bautista', 'Jerryvic, Jr.', 'Tajonera', '1', 0),
('30960801030', '9', '0914', 'Dalton', 'Pimentel', 'Julienne Lofel', 'Bañez', '2', 0),
('30960801033', '9', '0917', 'Mendeleev', 'Rombano', 'Jhiellane Chinny', 'Dulalia', '2', 0),
('30960801042', '9', '0914', 'Dalton', 'Foronda', 'Julia Angelique', 'Hidalgo', '2', 0),
('30960801046', '9', '0913', 'Curie', 'Catalan', 'Abbey Rommel', 'Dalina', '1', 0),
('30960801049', '9', '0913', 'Curie', 'Genilla', 'Jasmine Faith', 'Osano', '2', 0),
('30960801052', '9', '0913', 'Curie', 'Guarin', 'Lucas Jared', 'Aquino', '1', 0),
('30960801053', '9', '0916', 'Lavoisier', 'Lontoc', 'Lawrence Isabel', 'Amejana', '2', 0),
('30960801054', '9', '0917', 'Mendeleev', 'Rivera', 'Janella Clare', 'Matalobos', '2', 0),
('30960801059', '8', '0812', 'Darwin', 'Baltazar', 'Hannah Grace', 'Gonzales', '2', 0),
('30960801067', '9', '0916', 'Lavoisier', 'Ingusan', 'Jim Clarence', 'Serevilla', '1', 0),
('30960801080', '9', '0914', 'Dalton', 'Tallod', 'Emmanuel Angelo', 'Amboya', '1', 0),
('30960801082', '9', '0911', 'Arrhenius', 'Abaya', 'France Margareth', 'Ramos', '2', 0),
('30960801084', '9', '0916', 'Lavoisier', 'Sapico', 'Loreese Abigail', 'Rosales', '2', 0),
('30960801085', '9', '0913', 'Curie', 'Jumawan', 'Tyreese Armel', 'Parado', '2', 0),
('30960801093', '9', '0915', 'Franklin', 'Cantero', 'Louis Armaine', 'Magpayo', '1', 0),
('30960801101', '9', '0912', 'Boyle', 'Mendoza', 'Raven Josh', 'Sarmiento', '1', 0),
('30960801111', '9', '0912', 'Boyle', 'Gonzales', 'Codie Gavril', 'Fabrigas', '1', 0),
('30960801113', '8', '0813', 'Fleming', 'Acosta', 'Darren Jace', 'Calabroso', '1', 0),
('30960801116', '9', '0917', 'Mendeleev', 'Sotejo', 'Shellah Mehar', 'Urquejo', '2', 0),
('30960801117', '8', '0815', 'Jenner', 'Lazaro', 'Heiley', 'Dy', '2', 0),
('30960801124', '8', '0816', 'Linnaeus', 'Costales', 'Naya Terese', 'Nadal', '2', 0),
('30960801136', '8', '0811', 'Aristotle', 'Amilasan', 'Hamed Zacaria', 'Hussein', '1', 0),
('30960801137', '9', '0919', 'Rutherford', 'Singh', 'Jaren Prakash', 'Danao', '1', 0),
('30960801175', '9', '0919', 'Rutherford', 'Ramos', 'Karenn Kate', 'Panunciar', '2', 0),
('30960801190', '9', '0914', 'Dalton', 'Tañedo', 'Jamila Camille', 'Murillo', '2', 0),
('30960801198', '8', '0811', 'Aristotle', 'Rocamora', 'Yuan Inno', 'Selga', '1', 0),
('30960801203', '8', '0813', 'Fleming', 'Alcantara', 'Jamie', 'Alcantara', '2', 0),
('30960801210', '8', '0817', 'Mendel', 'Cristobal', 'John Kristoff', 'De Lumen', '1', 0),
('30960801212', '9', '0913', 'Curie', 'Faller', 'Jerant Kal Elzeus', 'Espejo', '1', 0),
('30960801213', '8', '0813', 'Fleming', 'Albayda', 'Chris Adrian', 'Borres', '1', 0),
('30960801224', '9', '0913', 'Curie', 'Bernales', 'Renee Kirsten', 'Penales', '2', 0),
('30960801228', '9', '0918', 'Pauling', 'Baliar', 'Ryan Matthew', 'Tanjili', '1', 0),
('30960801241', '8', '0814', 'Hooke', 'Cordova', 'Sophia Nayomi', 'Tuazon', '2', 0),
('30960801248', '8', '0818', 'Pasteur', 'Vaezpour', 'Aram', 'Belulia', '2', 0),
('30960801250', '9', '0912', 'Boyle', 'Catapang', 'Jeffrielle Chandrien', 'Rayos', '2', 0),
('30960801253', '9', '0916', 'Lavoisier', 'Miguel', 'Princess Donita', 'Montoya', '2', 0),
('30960801254', '8', '0815', 'Jenner', 'Cantos', 'Renz Andrew', 'Rosales', '1', 0),
('30960801258', '9', '0914', 'Dalton', 'De Joya', 'Yuri Zachari', 'Uno', '1', 0),
('30960801266', '9', '0912', 'Boyle', 'Anore', 'Eduardo Antonio', 'Añonuevo', '1', 0),
('30960801267', '7', '0715', 'Halley', 'Evangelista', 'Shan Gerick', 'Ignacio', '1', 0),
('30960801268', '8', '0819', 'Vesalius', 'Marzoña', 'Shanaya Ruth', 'Camacho', '2', 0),
('30960801274', '9', '0917', 'Mendeleev', 'Asuncion', 'Joseph Isaac', 'Jerusalem', '1', 0),
('30960801279', '8', '0817', 'Mendel', 'Garcia', 'Wynona Dorothy', 'Dayrit', '2', 0),
('30960801280', '9', '0912', 'Boyle', 'Samuya', 'Jade Cris', 'Item', '1', 0),
('30960801287', '9', '0919', 'Rutherford', 'Arucan', 'Zoe Carleigh', 'Fausto', '2', 0),
('30960801288', '9', '0916', 'Lavoisier', 'Magno', 'Rollance Keith', 'Francisco', '1', 0),
('30960801289', '9', '0919', 'Rutherford', 'Jaucian', 'Jean Carlisle Elij', 'De Guzman', '1', 0),
('30960801292', '9', '0912', 'Boyle', 'Clavaton', 'Caleb John', 'Sinio', '1', 0),
('30960801293', '8', '0814', 'Hooke', 'Lawas', 'Aaliyah Andrea', 'Abao', '2', 0),
('30960801295', '9', '0918', 'Pauling', 'Talib', 'Tasneem', 'Isnani', '2', 0),
('30960801311', '9', '0913', 'Curie', 'Agcaoili', 'Sandrea Carmel', 'Hofner', '2', 0),
('30960801314', '9', '0915', 'Franklin', 'Anciro', 'Carl Ceazar', 'Lago', '1', 0),
('30960801324', '8', '0814', 'Hooke', 'Lacamento', 'John Andrei', 'Tacpal', '1', 0),
('30960801325', '9', '0917', 'Mendeleev', 'Tapusok', 'Andre Lawrence', 'Tee', '1', 0),
('30960801326', '8', '0813', 'Fleming', 'Vila', 'Emily Jade', 'Soriano', '2', 0),
('30960801327', '8', '0817', 'Mendel', 'Balintona', 'Reyn Victor', 'Galutan', '1', 0),
('30960801333', '9', '0917', 'Mendeleev', 'Mercado', 'Leandre Lance', 'Magpantay', '1', 0),
('30960801335', '8', '0818', 'Pasteur', 'Tulaylay', 'Jonathan', 'Moncada', '1', 0),
('30960801338', '9', '0917', 'Mendeleev', 'David', 'Rhian Andrei', 'Alegro', '2', 0),
('30960801341', '9', '0912', 'Boyle', 'Arcinas', 'Gerly Reeze', 'Natividad', '2', 0),
('30960801345', '9', '0916', 'Lavoisier', 'Domingo', 'Abram Christcer', 'Ripotola', '1', 0),
('30960801347', '9', '0912', 'Boyle', 'Caldo', 'Jared Thomas', 'Gawaran', '1', 0),
('30960801350', '10', '1019', 'Bernoulli', 'Chavez', 'Samantha', 'Paule', '2', 1),
('30960801352', '8', '0819', 'Vesalius', 'Borlasa', 'Aaron John', 'Perez', '1', 0),
('30960801355', '9', '0919', 'Rutherford', 'Pajarillo', 'Brent Alexis', 'Santos', '1', 0),
('30960801357', '9', '0914', 'Dalton', 'Agbay', 'Yuan Nickollo', 'Macaraig', '1', 0),
('30960801358', '9', '0917', 'Mendeleev', 'Salac', 'Vanessa Gayle', 'Fille', '2', 0),
('30960801359', '9', '0911', 'Arrhenius', 'Porquerino', 'Mikhaela Antonette', 'Olitoquit', '2', 0),
('30960801362', '9', '0919', 'Rutherford', 'Vale', 'Alphonsehugh Rafael', 'Cornesta', '1', 0),
('30960801363', '9', '0915', 'Franklin', 'Adriano', 'Thomas Gabriel', 'De Leon', '1', 0),
('30960801367', '9', '0916', 'Lavoisier', 'Baladad', 'Abigail Beatriz', 'Ragel', '2', 0),
('30960801377', '8', '0819', 'Vesalius', 'Labuguen', 'Karl Jerome', 'Seleccion', '1', 0),
('30960801378', '8', '0819', 'Vesalius', 'Aquino', 'Beatrice Moira', 'Buenviaje', '2', 0),
('30960801383', '9', '0916', 'Lavoisier', 'Masangkay', 'Gabrielle Angela', 'Pascual', '2', 0),
('30960801396', '9', '0915', 'Franklin', 'Moises', 'Axel Sean', 'Puno', '1', 0),
('30960801403', '8', '0818', 'Pasteur', 'Malabanan', 'Aquisha Gabrianna', 'Castro', '2', 0),
('30960801408', '8', '0819', 'Vesalius', 'Jimenez', 'Timothy James', 'Tirona', '1', 0),
('30960801409', '9', '0912', 'Boyle', 'Reyes', 'Junoella', 'Tañedo', '2', 0),
('30960801417', '9', '0913', 'Curie', 'Saño', 'Alexis Zoe', 'Morales', '2', 0),
('30960801419', '9', '0918', 'Pauling', 'Magat', 'Nicole Ashley', 'Talvo', '2', 0),
('30960801420', '9', '0916', 'Lavoisier', 'Saragpon', 'Lyra Janielle', 'Eugenio', '2', 0),
('30960801422', '9', '0916', 'Lavoisier', 'Cabang', 'Janna Reeza', 'Valencia', '2', 0),
('30960801423', '9', '0917', 'Mendeleev', 'Cruz', 'Prince Justin', 'Macatigbac', '1', 0),
('30960801424', '9', '0913', 'Curie', 'Nellas', 'Wyle John', 'Villanueva', '1', 0),
('30960801425', '9', '0912', 'Boyle', 'Zabarte', 'Julienne Sophie', 'Santos', '2', 0),
('30960801433', '8', '0815', 'Jenner', 'Ramos', 'Maraiza Alexis', 'Sicat', '2', 0),
('30960801435', '9', '0915', 'Franklin', 'Panelo', 'Christine Joy', 'Albay', '2', 0),
('30960801436', '9', '0918', 'Pauling', 'Taguidid', 'Shasmeen', 'Hasan', '2', 0),
('30960801440', '8', '0819', 'Vesalius', 'Doria', 'Venice Rainne', 'De Guzman', '2', 0),
('30960801444', '8', '0813', 'Fleming', 'Diño', 'Joash Eldrick', 'Gonzales', '1', 0),
('30960801446', '7', '0711', 'Armstrong', 'Bagay', 'Mark Jacob', 'Dela Cruz', '1', 0),
('30960801447', '9', '0917', 'Mendeleev', 'De Dios', 'Ma. Rosalyn', 'Espinosa', '2', 0),
('30960801450', '7', '0718', 'Ptolemy', 'Ocampo', 'Seth Agustine', 'Castro', '1', 0),
('30960801452', '9', '0912', 'Boyle', 'Mendoza', 'Reuben Josef', 'Roque', '1', 0),
('30960801458', '9', '0915', 'Franklin', 'Udtuhan', 'Rhenz', 'Percia', '1', 0),
('30960801459', '9', '0913', 'Curie', 'Ocampo', 'Homer Paul', 'Tandoc', '1', 0),
('30960801460', '9', '0918', 'Pauling', 'Priela', 'Jhanraiz', 'Elcano', '1', 0),
('30960801461', '8', '0818', 'Pasteur', 'Dela Rosa', 'Lance Gabrielle', 'Sta. Romana', '1', 0),
('30960801462', '8', '0819', 'Vesalius', 'Dela Rosa', 'Cayzer Kyle', 'Sanchez', '1', 0),
('30960801463', '9', '0913', 'Curie', 'Sales', 'Diane Xyrel Bianca', 'Guzman', '2', 0),
('30960801465', '9', '0918', 'Pauling', 'Alviz', 'Princez Jillian', 'Ayson', '2', 0),
('30960801469', '9', '0915', 'Franklin', 'Galisen', 'Keanarane', 'Cauan', '2', 0),
('30960801470', '9', '0916', 'Lavoisier', 'Gala', 'Samantha', 'Morales', '2', 0),
('30960801472', '9', '0912', 'Boyle', 'Bacolor', 'Andrei Calix', 'Gawan', '1', 0),
('30960801474', '9', '0917', 'Mendeleev', 'Muit', 'Kaeil Immanuel', 'Camandona', '1', 0),
('30960801475', '9', '0916', 'Lavoisier', 'Albero', 'Frianne Margarette', '', '2', 0),
('30960801476', '9', '0911', 'Arrhenius', 'Flores', 'Markiel Jair', 'Raymundo', '1', 0),
('30960801478', '8', '0813', 'Fleming', 'Gregorio', 'Jef Zember', 'Antonio', '2', 0),
('30960801479', '8', '0819', 'Vesalius', 'Laroza', 'Samara Faith', 'Laguerta', '2', 0),
('30960801480', '9', '0915', 'Franklin', 'Tan', 'Marc Joseph', 'Bitantes', '1', 0),
('30960801484', '8', '0819', 'Vesalius', 'Peñaranda', 'Sean Angelo', 'Castro', '1', 0),
('30960801485', '9', '0918', 'Pauling', 'Bernadez', 'Joharra Laurice', 'Yulo', '2', 0),
('30960801486', '9', '0919', 'Rutherford', 'Bernadez', 'Jomanah Lorraine', 'Yulo', '2', 0),
('30960801488', '8', '0816', 'Linnaeus', 'Gamalo', 'Stacy Lee', 'Cabatuan', '2', 0),
('30960801489', '9', '0913', 'Curie', 'Umali', 'McLaren', 'Reyes', '1', 0),
('30960801494', '9', '0911', 'Arrhenius', 'Alegre', 'Marlon Jr.', 'Saguinsin', '1', 0),
('30960801496', '9', '0915', 'Franklin', 'Villamor', 'Mienry Brintz', 'Ong', '2', 0),
('30960801498', '9', '0913', 'Curie', 'Tapel', 'Isabella Grace', 'Castillo', '2', 0),
('30960801499', '8', '0813', 'Fleming', 'Pureza', 'Reese Julian', 'Fermin', '2', 0),
('30960801500', '8', '0811', 'Aristotle', 'Mendoza', 'Chloe Jewel', 'Nieva', '2', 0),
('30960801501', '9', '0911', 'Arrhenius', 'Catay', 'Princess Margarith', 'Timbang', '2', 0),
('30960801502', '9', '0916', 'Lavoisier', 'Medrano', 'Charles William Jr.', 'Navarro', '1', 0),
('30960801511', '9', '0911', 'Arrhenius', 'Luis', 'Nasya Deonne', 'Pepito', '2', 0),
('30960801512', '9', '0912', 'Boyle', 'Lopez', 'Joanna', 'Briones', '2', 0),
('30960801520', '9', '0915', 'Franklin', 'Collarga', 'Catherine Joyce', 'Magat', '2', 0),
('30960801532', '9', '0911', 'Arrhenius', 'Bagaoisan', 'Julia Claire', 'Juan', '2', 0),
('30960801535', '9', '0911', 'Arrhenius', 'De Lumin', 'Yñigo Gilbert Jr.', 'Gumabay', '1', 0),
('30960801556', '9', '0911', 'Arrhenius', 'Alvarez', 'John Yeshua', 'Catibog', '1', 0),
('30973600125', '9', '0914', 'Dalton', 'Ali', 'Rubba', 'Husam', '2', 0),
('30976000508', '9', '0913', 'Curie', 'Chalich', 'Ahmad Samer', ' ', '1', 0),
('30976000607', '8', '0813', 'Fleming', 'Khlif', 'Yousef', 'Sumadsad', '1', 0),
('30981801416', '8', '0814', 'Hooke', 'Hassan', 'Laila', 'Magtulis', '2', 0),
('30981801727', '9', '0918', 'Pauling', 'Elsarsmousy', 'Jannah Ahmed', 'Maquiling', '2', 0),
('30981802595', '9', '0914', 'Dalton', 'El Sayed', 'Khalid Mohammed Youssef', 'Competente', '1', 0),
('31004800112', '9', '0915', 'Franklin', 'Jazzar', 'Mohammed Abdulelah', '', '1', 0),
('31014400115', '8', '0811', 'Aristotle', 'Deundera Liyanawaduge', 'Matteo', 'Cataylo', '1', 0),
('31023000038', '8', '0818', 'Pasteur', 'Abdi', 'Sara', 'Hadi', '2', 0),
('31040400021', '7', '0713', 'Copernicus', 'Abdalla', 'Luay', 'Liban', '1', 0),
('31060800003', '9', '0913', 'Curie', 'Gallardo', 'Patrick Arshel', 'Cain', '1', 0),
('31060800005', '8', '0817', 'Mendel', 'Galindon', 'John Carlo', 'Pattaguan', '1', 0),
('31060800007', '8', '0812', 'Darwin', 'Valerio', 'Ayessa Mae', 'Paldo', '2', 0),
('31060800010', '8', '0815', 'Jenner', 'Duco', 'Tristan Louise', 'Demonteverde', '1', 0),
('31060800011', '9', '0911', 'Arrhenius', 'Paras', 'Alexander Kirth', 'Danque', '1', 0),
('31060800012', '8', '0818', 'Pasteur', 'Domingo', 'Moira Sophia', 'Ubalde', '2', 0),
('31060800014', '8', '0811', 'Aristotle', 'Fernandez', 'Samuel Keon', 'Aquino', '1', 0),
('31060800021', '8', '0815', 'Jenner', 'Ronquillo', 'Archelie Myeisha', 'Manuel', '2', 0),
('31060800025', '8', '0813', 'Fleming', 'Paña', 'John Aziel', 'Fillo', '1', 0),
('31060800034', '8', '0816', 'Linnaeus', 'Piping', 'Rhadzmeer', 'Usup', '1', 0),
('31060800046', '8', '0814', 'Hooke', 'Bautista', 'Dadeline', 'Magpantay', '2', 0),
('31060800051', '8', '0816', 'Linnaeus', 'Ochoada', 'Raspberry Sheikha', 'Maniacup', '2', 0),
('31060800053', '8', '0812', 'Darwin', 'Ramos', 'Anesha Nicolle', 'Guanlao', '2', 0),
('31060800056', '8', '0816', 'Linnaeus', 'Maun', 'Elyssa Crizielle', 'Pascual', '2', 0),
('31060800058', '8', '0811', 'Aristotle', 'Valdez', 'Cedric Earl Morris', 'Austria', '1', 0),
('31060800065', '8', '0818', 'Pasteur', 'Castro', 'Samuel David', 'Bayang', '1', 0),
('31060800067', '8', '0818', 'Pasteur', 'Cornejo', 'Jeremy Ven', 'Privado', '1', 0),
('31060800068', '8', '0819', 'Vesalius', 'Reyes', 'Jamin Cassandra', 'Rosita', '2', 0),
('31060800073', '8', '0818', 'Pasteur', 'Benosa', 'Riane Tuvya', 'Canicosa', '2', 0),
('31060800081', '9', '0917', 'Mendeleev', 'Mamao', 'Ysabella', 'Amparo', '2', 0),
('31060800086', '8', '0814', 'Hooke', 'Moksir', 'Minnah', 'Panolong', '2', 0),
('31060800099', '8', '0815', 'Jenner', 'Gabriel', 'Ethan John', 'Alvarado', '1', 0),
('31060800101', '8', '0816', 'Linnaeus', 'Magbujos', 'Christiana Antoinette', 'De Guzman', '2', 0),
('31060800103', '8', '0818', 'Pasteur', 'Jove', 'Brynne Aaron', 'Argel', '1', 0),
('31060800105', '8', '0815', 'Jenner', 'Pineda', 'Cassey Lorrane', 'Diwa', '2', 0),
('31060800109', '8', '0816', 'Linnaeus', 'Geradela', 'Janaila Aisha', 'Loreña', '2', 0),
('31060800113', '8', '0811', 'Aristotle', 'Arnante', 'Chloe Heart', 'Pabustan', '2', 0),
('31060800119', '8', '0818', 'Pasteur', 'Paguia', 'Hance Gabriel', 'Budollo', '1', 0),
('31060800139', '9', '0912', 'Boyle', 'Aporto', 'Edessa', 'Arcepe', '2', 0),
('31060800142', '8', '0815', 'Jenner', 'Tolentino', 'Ameera Claire', 'Corcuera', '2', 0),
('31060800148', '9', '0911', 'Arrhenius', 'Cielo', 'Mathan Gamliel', 'Sevilleno', '1', 0),
('31060800153', '8', '0812', 'Darwin', 'Estolas', 'Paulo Jr.', 'Belila', '1', 0),
('31060800165', '8', '0818', 'Pasteur', 'Agustin', 'Ernest Gerald', 'Ralleca', '1', 0),
('31060800166', '8', '0814', 'Hooke', 'Coronado', 'Ramielle Faye', 'Tion', '2', 0),
('31060800178', '9', '0918', 'Pauling', 'Pangan', 'Dustine Genevieve', 'Chu', '2', 0),
('31060800179', '8', '0819', 'Vesalius', 'Lerios', 'Frandz Kelzo', 'Caparas', '1', 0),
('31060800191', '8', '0815', 'Jenner', 'De Ocampo', 'Mikaila Joelle', 'Adam', '2', 0),
('31060800216', '7', '0717', 'Kepler', 'Ambag', 'Nehad', 'Abdulhamid', '2', 0),
('31060800219', '8', '0819', 'Vesalius', 'Gallardo', 'Ranz Nathaniel', 'Samonte', '1', 0),
('31060800221', '8', '0816', 'Linnaeus', 'Jamaldin', 'Umar', 'Anjabin', '1', 0),
('31060800245', '9', '0917', 'Mendeleev', 'Duran', 'Raihanna May', 'Atowan', '2', 0),
('31060800249', '8', '0816', 'Linnaeus', 'Maya', 'Shawn Gabriel', 'Martinez', '1', 0),
('31060800253', '9', '0915', 'Franklin', 'Nery', 'Acel John', 'Oclarino', '1', 0),
('31060800256', '8', '0819', 'Vesalius', 'Enriquez', 'Leona Reign', 'Laynesa', '2', 0),
('31060800258', '8', '0811', 'Aristotle', 'Sanchez', 'Jared', 'Celada', '1', 0),
('31060800265', '8', '0813', 'Fleming', 'Fajutagana', 'Gabriel Matt', 'Gaño', '1', 0),
('31060800269', '8', '0814', 'Hooke', 'Aleligay', 'Ellice Sabrine', 'Dizon', '2', 0),
('31060800277', '8', '0811', 'Aristotle', 'Akmad', 'Aneeqa Ayesha', 'Untong', '2', 0),
('31060800297', '8', '0811', 'Aristotle', 'Abrenica', 'Justin', 'Capistrano', '1', 0),
('31060800298', '8', '0816', 'Linnaeus', 'Tanyag', 'Dylan Andre', 'Ani', '1', 0),
('31060800299', '8', '0815', 'Jenner', 'Ebrada', 'Rovillson', 'Ilagan', '1', 0),
('31060800301', '8', '0816', 'Linnaeus', 'Galarpe', 'Ryziel Keon', 'Limcumpao', '1', 0),
('31060800307', '8', '0811', 'Aristotle', 'Valdez', 'Zoey Fidelle', 'Wagayen', '2', 0),
('31060800308', '7', '0717', 'Kepler', 'Sarangay', 'Yuna Xyza', 'Esquieres', '2', 0),
('31060800315', '8', '0811', 'Aristotle', 'Macaballug', 'Princess Althea', 'Revilla', '2', 0),
('31060800316', '8', '0819', 'Vesalius', 'Mendoza', 'Hailey Angelee', 'Palmones', '2', 0),
('31060800317', '8', '0817', 'Mendel', 'Coronel', 'Kurt Dylan', 'Fulge', '1', 0),
('31060800323', '8', '0817', 'Mendel', 'Abrao', 'Maria Sheikha', 'Villamil', '2', 0),
('31060800333', '7', '0713', 'Copernicus', 'Mendoza', 'Gabriella', 'Minoza', '2', 0),
('31060800335', '8', '0811', 'Aristotle', 'Kapunan', 'Hazima Jainab', 'Calbi', '2', 0),
('31060800336', '9', '0918', 'Pauling', 'Espiritu', 'Edrei Jared', 'Sibayan', '1', 0),
('31060800339', '8', '0812', 'Darwin', 'Vargas', 'Szamere', 'Jalali', '1', 0),
('31060800341', '8', '0818', 'Pasteur', 'Sison', 'Jasmine Cielo', 'Aguinaldo', '2', 0),
('31060800346', '8', '0813', 'Fleming', 'Banal', 'Samantha Nicole', 'Paler', '2', 0),
('31060800348', '8', '0812', 'Darwin', 'Pamplina', 'Marc Angelo', 'Villarina', '1', 0),
('31060800351', '8', '0816', 'Linnaeus', 'Jamaldin', 'Ameera Farhana', 'Amil', '2', 0),
('31060800352', '8', '0815', 'Jenner', 'Jamaldin', 'Aesha Farhana', 'Amil', '2', 0),
('31060800360', '8', '0819', 'Vesalius', 'Elumba', 'Cyra Nicole', 'Manalo', '2', 0),
('31060800367', '8', '0812', 'Darwin', 'Claros', 'Em1y Lauran', 'Missiona', '2', 0),
('31060800368', '8', '0812', 'Darwin', 'Padilla', 'Gianna Ricci', 'Fernandez', '2', 0),
('31060800374', '8', '0818', 'Pasteur', 'Baga', 'Justine Andrei', 'Sarmiento', '1', 0),
('31060800378', '8', '0813', 'Fleming', 'Concepcion', 'Jenson', 'Gatchalian', '1', 0),
('31060800380', '8', '0812', 'Darwin', 'Luna', 'Rhianna Jowelle', 'Sadsad', '2', 0),
('31060800386', '8', '0819', 'Vesalius', 'Libor', 'Margareth Laine', 'Cortez', '2', 0),
('31060800387', '8', '0816', 'Linnaeus', 'Carmen', 'Jachym', 'de Guia', '1', 0),
('31060800391', '8', '0819', 'Vesalius', 'Asuncion', 'Liam Jay', 'Bayot', '1', 0),
('31060800393', '8', '0817', 'Mendel', 'Cruz', 'Jamielah Ashleey', 'Buan', '2', 0),
('31060800394', '8', '0814', 'Hooke', 'Mosada', 'Reeve Graniel', 'Bautista', '1', 0),
('31060800401', '8', '0815', 'Jenner', 'Bello', 'Saab Elijah', 'Lutao', '1', 0),
('31060800416', '8', '0811', 'Aristotle', 'Casinillo', 'Denise Sophia', 'Maunes', '2', 0),
('31060800419', '9', '0919', 'Rutherford', 'Mallari', 'Faye Angela', 'Herrera', '2', 0),
('31060800428', '8', '0812', 'Darwin', 'Puray', 'Cyzach Jael', 'Florentino', '1', 0),
('31060800433', '8', '0813', 'Fleming', 'Bandahala', 'Andrei', 'Vallarta', '1', 0),
('31060800434', '8', '0812', 'Darwin', 'Manaor', 'Marcus Xyron', 'Bawe', '1', 0),
('31060800445', '8', '0813', 'Fleming', 'Santos', 'Lucas Max Andres', 'Lumanlan', '1', 0),
('31060800449', '8', '0816', 'Linnaeus', 'Manzano', 'Isaiah Samuel', 'Luz', '1', 0),
('31060800455', '7', '0713', 'Copernicus', 'Ramirez', 'Nysa Kimberly', 'Sales', '2', 0),
('31060800465', '8', '0812', 'Darwin', 'Ferrer', 'Custer Linus Troy', 'Lim', '1', 0),
('31060800477', '8', '0818', 'Pasteur', 'Sangcopan', 'Ajradha Hafsa', 'Decampong', '2', 0),
('31060800486', '8', '0819', 'Vesalius', 'Abaya', 'Thea Gabrielle', 'Elumbaring', '2', 0),
('31060800488', '8', '0814', 'Hooke', 'Santos', 'Rovic Samuel', 'Calub', '1', 0),
('31060800490', '8', '0811', 'Aristotle', 'Celespara', 'Kal-El Emmanuel', 'Gumba', '1', 0),
('31060800491', '8', '0817', 'Mendel', 'Caranto', 'Maria Viktoria', 'Canonizado', '2', 0),
('31060800497', '8', '0818', 'Pasteur', 'Cunanan', 'Jaynelle Jayar', 'Calixto', '2', 0),
('31060800509', '8', '0814', 'Hooke', 'Macatangay', 'Angela Joy', 'De Torres', '2', 0),
('31060800519', '8', '0814', 'Hooke', 'Concepcion', 'Kharl Spencer', 'Monis', '1', 0),
('31060800524', '8', '0813', 'Fleming', 'Hornilla', 'Jawhar', 'Sahijuan', '1', 0),
('31060800529', '9', '0915', 'Franklin', 'Hinal', 'John Benedict', 'Lamique', '1', 0),
('31060800533', '7', '0712', 'Cassini', 'De Guzman', 'Yoj Samuel', 'Prindiana', '1', 0),
('31060800538', '8', '0813', 'Fleming', 'Curata', 'Kevin Jacob', 'Cadiente', '1', 0),
('31060800543', '8', '0816', 'Linnaeus', 'Capatayan', 'Aleeyah Kirsten', 'Gotico', '2', 0),
('31060800553', '8', '0812', 'Darwin', 'Ajero', 'Arwin Miguel', 'San Juan', '1', 0),
('31060800556', '8', '0814', 'Hooke', 'Mendoza', 'Megelle', 'Dela Cruz', '2', 0),
('31060800560', '8', '0817', 'Mendel', 'Apostol', 'Sofiah', 'Calibat', '2', 0),
('31060800566', '7', '0717', 'Kepler', 'Navera', 'Herleva Chloe', 'Belgrado', '2', 0),
('31060800568', '8', '0812', 'Darwin', 'Gimeno', 'Cadeen Ahzcey', 'Hernandez', '2', 0),
('31060800582', '7', '0711', 'Armstrong', 'Nosidal', 'Ezak', 'Godalle', '1', 0),
('31060800583', '8', '0818', 'Pasteur', 'Sulapas', 'Gemar', 'Rayray', '1', 0),
('31060800593', '8', '0813', 'Fleming', 'Calacal', 'Kyianne Darrence', 'Francisco', '1', 0),
('31060800607', '7', '0715', 'Halley', 'Desierto', 'Tisha Dianne', 'Beltran', '2', 0),
('31060800622', '7', '0717', 'Kepler', 'Galing', 'Aleah Mae', 'Ortega', '2', 0),
('31060800649', '8', '0811', 'Aristotle', 'Cunanan', 'Mico Bastien', 'Vinuya', '1', 0),
('31060800652', '8', '0812', 'Darwin', 'Borromeo', 'Jasmin Haya', 'Bulacan', '2', 0),
('31060800657', '8', '0811', 'Aristotle', 'Ricafrente', 'Jan Mari Ricci', 'Arugay', '2', 0),
('31060800667', '8', '0815', 'Jenner', 'Torres', 'Brianne', 'Bate', '2', 0),
('31060800670', '8', '0814', 'Hooke', 'Tobongbanua', 'Maria Eighvry', 'Hassan', '2', 0),
('31060800671', '8', '0814', 'Hooke', 'Ramos', 'Jeremy Gian', 'Roy', '1', 0),
('31060800674', '7', '0714', 'Galilei', 'Reyes', 'Aiyana Ysabelle', 'Abella', '2', 0),
('31060800681', '8', '0817', 'Mendel', 'Pulido', 'Leahna Alexa', 'Tolentino', '2', 0),
('31060800682', '7', '0712', 'Cassini', 'Bereña', 'Keziah Roze', 'Base', '2', 0),
('31060800686', '7', '0712', 'Cassini', 'Ambutong', 'Younis', 'Tuliao', '1', 0),
('31060800687', '8', '0811', 'Aristotle', 'Protasio', 'Mattheus Emmanuel', 'Aparicio', '1', 0),
('31060800689', '7', '0712', 'Cassini', 'Dela Cruz', 'Maria Sofia', 'Disu', '2', 0),
('31060800690', '8', '0819', 'Vesalius', 'Llanes', 'Jomari Gabriel', 'Curbo', '1', 0),
('31060800692', '7', '0719', 'Herschel', 'Peñaranda', 'Jeremiah', 'Norca', '2', 0),
('31060800697', '8', '0818', 'Pasteur', 'Carbonell', 'Christell', 'Sabio', '2', 0),
('31060800698', '8', '0815', 'Jenner', 'David', 'Akio Laith', 'Austria', '1', 0),
('31060800701', '7', '0711', 'Armstrong', 'Gines', 'Lucas Vincent', 'Manza', '1', 0),
('31060800739', '7', '0714', 'Galilei', 'Villanueva', 'Sophia Kassandra', 'Rivero', '2', 0),
('31060800742', '7', '0712', 'Cassini', 'Cayos', 'Hannah Gabrielle', 'Tobias', '2', 0),
('31060800751', '8', '0816', 'Linnaeus', 'Seterra', 'Adriel Sean', 'Tan', '1', 0),
('31060800754', '7', '0714', 'Galilei', 'Go', 'Josh', 'Arevalo', '1', 0),
('31060800760', '8', '0812', 'Darwin', 'Dalumpines', 'Kiersten Ruth', 'Dictado', '2', 0),
('31060800769', '7', '0717', 'Kepler', 'Franco', 'Miranda Lonneke', 'Castillo', '2', 0),
('31060800791', '8', '0814', 'Hooke', 'Santander', 'Elija Isabel', 'Balatbat', '2', 0),
('31060800806', '8', '0813', 'Fleming', 'Moran', 'Justin Gabriel', 'Bagsit', '1', 0),
('31060800810', '8', '0818', 'Pasteur', 'Ramboyong', 'Emmanuel Jacob', 'Aquino', '1', 0),
('31060800826', '8', '0818', 'Pasteur', 'Tolentino', 'Bien Bryan', 'Bumanglag', '1', 0),
('31060800832', '9', '0911', 'Arrhenius', 'Garcia', 'Jose Lucas', 'Morales', '1', 0),
('31060800836', '8', '0815', 'Jenner', 'Yahiya', 'Ameena', 'Jasani', '2', 0),
('31060800844', '8', '0816', 'Linnaeus', 'Bedtican', 'Mishal Rayyan', 'Kamenza', '2', 0),
('31060800845', '8', '0813', 'Fleming', 'Saclao', 'Albert Yousef', 'Aganan', '1', 0),
('31060800848', '8', '0815', 'Jenner', 'Nicolas', 'Athanya Pyrrhus', 'Sopenasky', '2', 0),
('31060800850', '8', '0811', 'Aristotle', 'Luceño', 'Latasha Desirae', 'Felipe', '2', 0),
('31060800855', '8', '0818', 'Pasteur', 'Reyes', 'Charles Adrielh', 'Dela Rosa', '2', 0),
('31060800867', '7', '0716', 'Hubble', 'Piloton', 'Jan Raphael', 'Idjao', '1', 0),
('31060800871', '7', '0712', 'Cassini', 'Tolosa', 'Chazz Eljon Kyler', 'Advincula', '1', 0),
('31060800879', '7', '0714', 'Galilei', 'Andalis', 'Hannah', 'Suliva', '2', 0),
('31060800883', '8', '0812', 'Darwin', 'Caig', 'Zyd Gabrille', 'Obas', '1', 0),
('31060800885', '8', '0814', 'Hooke', 'Ada', 'Dornier Andrew', 'Crebillo', '1', 0),
('31060800887', '8', '0814', 'Hooke', 'Canlas', 'Dustin Jared', 'Canlas', '1', 0),
('31060800900', '7', '0713', 'Copernicus', 'Crespo', 'Vince Angelo', 'Santos', '1', 0),
('31060800906', '8', '0818', 'Pasteur', 'Lubaton', 'Mikaella Ysabelle', 'Tabirara', '2', 0),
('31060800910', '8', '0817', 'Mendel', 'Plantilla', 'Miguel Enzo', 'Tubaga', '1', 0),
('31060800911', '7', '0714', 'Galilei', 'Cay', 'Mhielle Aliyah', 'Berania', '2', 0),
('31060800913', '8', '0816', 'Linnaeus', 'Tingle', 'Duke Aron', 'Sarmiento', '1', 0),
('31060800918', '9', '0915', 'Franklin', 'Biglete', 'Mykeila Marie', 'Sotomango', '2', 0),
('31060800919', '8', '0817', 'Mendel', 'Oliveros', 'Candice Jaelah', 'Flores', '2', 0),
('31060800925', '8', '0815', 'Jenner', 'Lazo', 'Rodolfo Joaquin', 'San Diego', '1', 0),
('31060800926', '7', '0714', 'Galilei', 'Garcia', 'Ezekiel Maximus', 'Guinto', '1', 0),
('31060800930', '7', '0717', 'Kepler', 'Agulto', 'Ethan Demetrius', 'Sayo', '1', 0),
('31060800936', '8', '0818', 'Pasteur', 'Bleza', 'Russell II', 'Mabato', '1', 0),
('31060800939', '8', '0815', 'Jenner', 'Muñasque', 'Jean Brent', 'Castillo', '1', 0),
('31060800941', '7', '0716', 'Hubble', 'Valdez', 'Kayla Monique', 'Oira', '2', 0),
('31060800943', '7', '0716', 'Hubble', 'Uy', 'Samantha Grace', 'Balina', '2', 0),
('31060800946', '8', '0814', 'Hooke', 'Coronado', 'Marco Antonio', 'Novencido', '1', 0),
('31060800961', '8', '0812', 'Darwin', 'Sainz', 'Amber Candy', 'Ilagan', '2', 0),
('31060800963', '8', '0811', 'Aristotle', 'Miranda', 'Gadiel', 'Prejoles', '1', 0),
('31060800965', '8', '0814', 'Hooke', 'Ferreras', 'Syd Aris Michael', 'Dizon', '1', 0),
('31060800979', '8', '0815', 'Jenner', 'Bautista', 'Lian Reine', 'Calahi', '2', 0),
('31060800987', '8', '0818', 'Pasteur', 'Milla', 'Hanz Yuri', 'Basco', '1', 0),
('31060800990', '8', '0817', 'Mendel', 'Sambrano', 'Isaiah', 'Arzaga', '1', 0),
('31060800991', '7', '0719', 'Herschel', 'Li', 'Ioan Rouvin Jaidyne', 'Alolor', '1', 0),
('31060801004', '8', '0813', 'Fleming', 'Rallos', 'Khasshie Ann', 'Minguito', '2', 0),
('31060801011', '8', '0812', 'Darwin', 'Samson', 'Czyrene Fay', 'Cano', '2', 0),
('31060801014', '8', '0812', 'Darwin', 'Franco', 'Cerise Cristina', 'Salvador', '2', 0),
('31060801017', '8', '0813', 'Fleming', 'Virata', 'Nash Mowen', 'Huerto', '1', 0),
('31060801020', '7', '0715', 'Halley', 'Manalastas', 'Giancarlo Inigo', 'Bautista', '1', 0),
('31060801023', '8', '0817', 'Mendel', 'Maglantay', 'Yvaine Ashley', 'Ferrer', '2', 0),
('31060801026', '8', '0814', 'Hooke', 'Camama', 'Mohammad Hijazi', 'Salo', '1', 0),
('31060801032', '8', '0813', 'Fleming', 'Taguinod', 'Cleonna Kyle', 'Padilla', '2', 0),
('31060801044', '8', '0813', 'Fleming', 'Marata', 'Terelyn Gayle', 'Lapura', '2', 0),
('31060801052', '7', '0718', 'Ptolemy', 'Ongoco', 'Haeley Jorisse', 'Nucom', '2', 0),
('31060801062', '8', '0819', 'Vesalius', 'Razzaq', 'Ali', 'Silvestrece', '1', 0),
('31060801068', '8', '0818', 'Pasteur', 'Genilla', 'Jaden', 'Osano', '1', 0),
('31060801074', '8', '0814', 'Hooke', 'Rivera', 'Jean Chloie', 'Matalobos', '2', 0),
('31060801079', '8', '0818', 'Pasteur', 'Oraye', 'Karishma Maxine', 'Borja', '2', 0),
('31060801081', '8', '0811', 'Aristotle', 'Salvatin', 'Joie Ivanka', 'Rodriguez', '2', 0),
('31060801084', '8', '0811', 'Aristotle', 'De Jesus', 'Shianna Heart', 'Lubao', '2', 0),
('31060801085', '7', '0713', 'Copernicus', 'Talucod', 'Alice Franchesca', 'Magbuhos', '2', 0),
('31060801087', '7', '0713', 'Copernicus', 'Guibao', 'Paul Justin', 'Baybay', '1', 0),
('31060801101', '8', '0812', 'Darwin', 'Rigor', 'Pearl Windy', 'Gonzales', '2', 0),
('31060801110', '8', '0816', 'Linnaeus', 'Naquila', 'Bien Rafael', 'Gatdula', '1', 0),
('31060801113', '7', '0712', 'Cassini', 'Reyes', 'Zander Jess', 'Bernal', '1', 0),
('31060801131', '8', '0817', 'Mendel', 'Berowa', 'Pasayod III', 'Pamaloy', '1', 0),
('31060801132', '8', '0817', 'Mendel', 'Belo', 'Ysha Aniah', 'Barrion', '2', 0),
('31060801133', '8', '0811', 'Aristotle', 'Mendoza', 'Janina Reign', 'Sarmiento', '2', 0),
('31060801142', '8', '0814', 'Hooke', 'Dadulla', 'Rafael Aron', 'Asilo', '1', 0),
('31060801167', '8', '0815', 'Jenner', 'Sator', 'Anthony', 'Batoleño', '1', 0),
('31060801187', '7', '0713', 'Copernicus', 'Batac', 'Kathryn', 'Estaris', '2', 0),
('31060801197', '7', '0714', 'Galilei', 'Muñoz', 'Christianne Faith', 'Torino', '2', 0),
('31060801198', '8', '0812', 'Darwin', 'Manlapaz', 'Shane Zen Andi', 'Nacario', '2', 0),
('31060801199', '7', '0718', 'Ptolemy', 'Cadampog', 'Johannes Horace', 'Busalpa', '1', 0),
('31060801201', '7', '0719', 'Herschel', 'Petate', 'Penelope Lexis', 'Leon', '2', 0),
('31060801206', '8', '0812', 'Darwin', 'Espina', 'Anya Nicola', 'Zamora', '2', 0),
('31060801207', '8', '0817', 'Mendel', 'Rivera', 'Karlvince Gabriel', 'Cruz', '1', 0),
('31060801213', '8', '0813', 'Fleming', 'San Jose', 'Samuelle Lauren', 'Almodovar', '2', 0),
('31060801215', '8', '0812', 'Darwin', 'Rutor', 'John Isaac', 'Gonzales', '1', 0),
('31060801218', '8', '0819', 'Vesalius', 'Alo', 'Jasuel', 'Signio', '1', 0),
('31060801219', '7', '0719', 'Herschel', 'Lachica', 'Jameela Yvonn', 'Menez', '2', 0),
('31060801220', '8', '0816', 'Linnaeus', 'Esmaña', 'Isaiah Rady III', 'Delino', '1', 0),
('31060801221', '8', '0813', 'Fleming', 'Lopez', 'Jaden Micheal', 'Robles', '1', 0),
('31060801224', '8', '0817', 'Mendel', 'Agngarayngay', 'Wylmoe', 'De Guzman', '1', 0),
('31060801229', '7', '0719', 'Herschel', 'Valmonte', 'Zytheia Cassandra', 'Mallare', '2', 0),
('31060801234', '8', '0812', 'Darwin', 'Concepcion', 'Allan Laurenz', 'Eugenio', '1', 0),
('31060801235', '8', '0818', 'Pasteur', 'Samson', 'Kailene Kane', 'Francisco', '1', 0),
('31060801242', '7', '0716', 'Hubble', 'Medina', 'Kyle Matthew', 'Oreta', '1', 0),
('31060801244', '8', '0819', 'Vesalius', 'Roxas', 'Gian Yzekiel', 'Galinato', '1', 0),
('31060801251', '7', '0711', 'Armstrong', 'Cristobal', 'John Mathew', 'De Lumen', '1', 0),
('31060801255', '8', '0815', 'Jenner', 'Pido', 'Jude Gabriel', 'Piamonte', '1', 0),
('31060801256', '8', '0817', 'Mendel', 'Salanguit', 'Ma. Keisha Mae', 'Baral', '2', 0),
('31060801264', '7', '0712', 'Cassini', 'Quilang', 'Abigail', 'Requillo', '2', 0),
('31060801267', '7', '0713', 'Copernicus', 'Salenga', 'Prince Eduard', 'Carbonell', '1', 0),
('31060801268', '8', '0811', 'Aristotle', 'Puno', 'Jelena Alessandra Therese', 'Borja', '2', 0),
('31060801270', '8', '0818', 'Pasteur', 'Manalo', 'Zrylle Julienne', 'Misa', '2', 0),
('31060801274', '8', '0817', 'Mendel', 'Serafin', 'Krizabella', 'Gaffud', '2', 0),
('31060801275', '7', '0715', 'Halley', 'Lakampuenga', 'Laraine', 'Añonuevo', '2', 0),
('31060801276', '7', '0712', 'Cassini', 'Trabajo', 'Nathan Gabriel', 'Taborada', '1', 0),
('31060801283', '8', '0811', 'Aristotle', 'Gloria', 'Rasheed Isaiah', 'Cardoza', '1', 0),
('31060801286', '8', '0815', 'Jenner', 'Tingchuy', 'Roviel Ryean', 'Macatangay', '1', 0),
('31060801299', '7', '0717', 'Kepler', 'Ganayo', 'Hailey', 'Buado', '2', 0),
('31060801308', '7', '0717', 'Kepler', 'Salariosa', 'Sydney Dominique', 'Gabriel', '2', 0),
('31060801316', '8', '0815', 'Jenner', 'Erese', 'Carina Antonette', 'Benin', '2', 0),
('31060801318', '7', '0716', 'Hubble', 'Dela Rosa', 'Tracy Mayesa Aviona', 'Lapastora', '2', 0),
('31060801319', '7', '0715', 'Halley', 'Oligo', 'Kristine Jamille', 'Tica', '2', 0),
('31060801322', '8', '0813', 'Fleming', 'Quibral', 'Judellaine Athasia', 'Ramos', '2', 0),
('31060801325', '8', '0813', 'Fleming', 'Bonafe', 'Annie', 'Roncales', '2', 0),
('31060801330', '8', '0817', 'Mendel', 'Antonio', 'Amara Sachi', 'Paras', '2', 0),
('31060801334', '8', '0815', 'Jenner', 'Yuson', 'Edward Johannes', 'Aguilar', '1', 0),
('31060801344', '7', '0711', 'Armstrong', 'Ones', 'Christian Paul', 'Yumen', '1', 0),
('31060801351', '7', '0718', 'Ptolemy', 'Tarayao', 'Kyle Gabriel', 'Gundan', '1', 0),
('31060801352', '8', '0811', 'Aristotle', 'Abellanosa', 'Adiel Oz', 'Cabaut', '1', 0),
('31060801353', '8', '0816', 'Linnaeus', 'Pineda', 'Leigh Christa Alleria', 'De Vera', '2', 0),
('31060801364', '8', '0817', 'Mendel', 'Medina', 'Sophia Pauline', 'Vigilla', '2', 0),
('31060801367', '8', '0814', 'Hooke', 'Baquiran', 'Marcus Florell', 'Salazar', '1', 0),
('31060801368', '8', '0819', 'Vesalius', 'Mandap', 'Hannah Amaris', 'Castro', '2', 0),
('31060801372', '7', '0711', 'Armstrong', 'Domingo', 'Marcus Vianney', 'Co', '1', 0),
('31060801374', '8', '0816', 'Linnaeus', 'Anglo', 'Rianne Jowee', 'Paril', '2', 0),
('31060801377', '8', '0817', 'Mendel', 'Lumibao', 'Miguel Simon', 'Dapiawen', '1', 0),
('31060801378', '7', '0715', 'Halley', 'Syed', 'Ayesha Fatima', 'Avila', '2', 0),
('31060801382', '7', '0718', 'Ptolemy', 'Tulaylay', 'Jazmine', 'Moncada', '2', 0),
('31060801386', '8', '0814', 'Hooke', 'Juan', 'Althea Rena', 'Catomao', '2', 0),
('31060801393', '7', '0715', 'Halley', 'Caldo', 'Joaquin Matteo', 'Gawaran', '1', 0),
('31060801403', '8', '0816', 'Linnaeus', 'Del Ponso', 'Steffany', 'Castro', '2', 0),
('31060801404', '8', '0811', 'Aristotle', 'Dagunsa', 'Kearra Audrey', 'Espulgar', '2', 0),
('31060801406', '8', '0812', 'Darwin', 'Madlangbayan', 'Matthea Maxine', 'Enriquez', '2', 0),
('31060801409', '7', '0716', 'Hubble', 'De Jesus', 'David Drew', 'Austria', '1', 0),
('31060801413', '7', '0713', 'Copernicus', 'Caringal', 'Princess Chriztel Nhicolle', 'Sagala', '2', 0),
('31060801418', '7', '0714', 'Galilei', 'Fetalino', 'Markus Gabriel', 'Mendoza', '1', 0),
('31060801421', '8', '0813', 'Fleming', 'Lacson', 'Amara Ysabel', 'Nograles', '2', 0),
('31060801422', '8', '0814', 'Hooke', 'Calo', 'Zoie Gabrielle', 'Quipanes', '2', 0),
('31060801423', '8', '0818', 'Pasteur', 'Adolfo', 'Rhiana Jazel', 'Limosnero', '2', 0),
('31060801424', '8', '0811', 'Aristotle', 'Paco', 'Mischa Althea', 'Garcia', '2', 0),
('31060801425', '8', '0814', 'Hooke', 'Mariano', 'Allordstrong', 'Feliciano', '1', 0),
('31060801431', '8', '0814', 'Hooke', 'Villanueva', 'Louise Jayne', 'Serafin', '2', 0),
('31060801434', '8', '0819', 'Vesalius', 'Dela Cruz', 'Reighem Jr.', 'Abella', '1', 0),
('31060801442', '8', '0812', 'Darwin', 'Gonzales', 'Jazzie', 'Rodriguez', '1', 0),
('31060801443', '8', '0813', 'Fleming', 'Gonzales', 'Yazzie', 'Rodriguez', '1', 0),
('31060801449', '8', '0816', 'Linnaeus', 'Tungol', 'Neomie Atarah', 'Boholst', '2', 0),
('31060801450', '8', '0819', 'Vesalius', 'Quirante', 'Zyryz', 'Del Rosario', '2', 0),
('31060801461', '8', '0819', 'Vesalius', 'Cardines', 'Yang Rupert Raphael', 'Coquiat', '1', 0),
('31060801464', '8', '0811', 'Aristotle', 'Butawan', 'Dan Gabriel', 'Mendoza', '1', 0),
('31060801466', '7', '0712', 'Cassini', 'Barcelona', 'Kean', 'Dela Cruz', '1', 0),
('31060801469', '8', '0816', 'Linnaeus', 'Sapuay', 'Michaela', 'Yanos', '2', 0),
('31060801470', '8', '0816', 'Linnaeus', 'Agarpao', 'Jedrick Collins', 'Bantiling', '1', 0),
('31060801471', '8', '0815', 'Jenner', 'Agarpao', 'Cedrick James', 'Bantiling', '1', 0),
('31060801475', '7', '0711', 'Armstrong', 'Fami', 'Carl Andrew', 'Pagulayan', '1', 0),
('31060801476', '7', '0714', 'Galilei', 'Bonifacio', 'James Rashne', 'Viray', '1', 0),
('31060801477', '8', '0811', 'Aristotle', 'Sumpingan', 'Al-Rashid', 'Mamalo', '1', 0),
('31060801479', '8', '0815', 'Jenner', 'Rigua', 'Myles Ezrah', 'Birung', '2', 0),
('31060801483', '7', '0719', 'Herschel', 'Loya', 'Rameses Dale', 'Aguinaldo', '1', 0),
('31060801485', '8', '0816', 'Linnaeus', 'Beltran', 'Francis Kyanne', 'De Los Santos', '1', 0),
('31060801486', '8', '0816', 'Linnaeus', 'David', 'Marco Antonio', 'Cachuela', '1', 0),
('31060801487', '8', '0814', 'Hooke', 'Pelareja', 'John Cedric', 'Tan', '1', 0),
('31060801488', '8', '0816', 'Linnaeus', 'Leocadio', 'Kenshin Justine', 'Monteroso', '2', 0),
('31060801490', '8', '0815', 'Jenner', 'Martinez', 'Akeisha Raine', 'Caballero', '2', 0),
('31060801496', '8', '0814', 'Hooke', 'Pepito', 'Mariah Joelliane', 'Mendoza', '2', 0),
('31060801498', '8', '0815', 'Jenner', 'Martinez', 'Samantha Kiera', 'Roche', '2', 0),
('31060801499', '7', '0713', 'Copernicus', 'Salatan', 'Granth Charlz', 'Delos Angeles', '1', 0),
('31060801500', '7', '0716', 'Hubble', 'Salve', 'Sean Gabriel', 'Temario', '1', 0),
('31060801504', '7', '0719', 'Herschel', 'Hernan', 'Jack Enzi', 'Tapic', '1', 0),
('31060801506', '8', '0818', 'Pasteur', 'Melchor', 'Chelsa Lhyn', 'Sajonas', '2', 0),
('31060801514', '8', '0812', 'Darwin', 'Cunanan', 'Sher Uzziah Mari', 'Cunanan', '1', 0),
('31060801516', '8', '0819', 'Vesalius', 'Marin', 'Stephenie Thani', 'Santos', '2', 0),
('31060801517', '8', '0817', 'Mendel', 'Liggayu', 'Justine Kyle', 'Tejero', '2', 0),
('31060801518', '8', '0812', 'Darwin', 'Santor', 'Rojo Jhomaire', 'Villanueva', '1', 0),
('31060801519', '8', '0819', 'Vesalius', 'Lara', 'Joaquin Troy', 'Tapay', '1', 0),
('31060801520', '7', '0712', 'Cassini', 'Gonzales', 'Leiqa Samantha', 'Jomero', '2', 0),
('31060801531', '7', '0712', 'Cassini', 'Mendoza', 'Aaliyah Jazeera', 'Carag', '2', 0),
('31060801537', '7', '0718', 'Ptolemy', 'Vince Cruz', 'Jeremy', 'Orlino', '1', 0),
('31060801540', '7', '0712', 'Cassini', 'Medrano', 'Evaristo III', 'Navarro', '1', 0),
('31060801541', '8', '0819', 'Vesalius', 'Cubacub', 'Marckuz Jiel', 'Panganiban', '1', 0),
('31060801543', '8', '0819', 'Vesalius', 'Munoz', 'Gabriel Angelo', 'Aquino', '1', 0),
('31060801549', '8', '0819', 'Vesalius', 'Reburiano', 'Kirk Bryan', 'Ante', '1', 0),
('31060801561', '8', '0819', 'Vesalius', 'Eclera', 'Jon Austin Xenon', 'Lagman', '1', 0),
('31073600141', '7', '0711', 'Armstrong', 'Mohieldin', 'Haneen Mohamed Abdalgadir', '', '2', 0),
('31081804103', '8', '0812', 'Darwin', 'Kamal', 'Marwan', 'Mohamed', '1', 0),
('31081804607', '7', '0715', 'Halley', 'Hashem', 'Amr', 'Khaled Ali Ali', '1', 0),
('31152400018', '8', '0813', 'Fleming', 'Khati', 'Aliaana', '', '2', 0),
('31160800001', '8', '0816', 'Linnaeus', 'Recel', 'Maryann Erika', 'Recaido', '2', 0),
('31160800008', '7', '0711', 'Armstrong', 'Salvador', 'Kristina Isabel', 'Castillo', '2', 0),
('31160800009', '7', '0712', 'Cassini', 'Rosario', 'Julie Anne', 'Guevara', '2', 0),
('31160800019', '7', '0717', 'Kepler', 'Tolentino', 'Kristin Joy', 'Aucena', '2', 0),
('31160800022', '7', '0711', 'Armstrong', 'Gatmaitan', 'Yuki Sandra', 'Tabaquero', '2', 0),
('31160800025', '7', '0713', 'Copernicus', 'Tulay', 'Fritz Ishmael', 'Colonia', '1', 0),
('31160800031', '7', '0715', 'Halley', 'Roldan', 'Alexa', 'Pacle', '2', 0),
('31160800044', '8', '0818', 'Pasteur', 'Mabeza', 'Jeon Zedrick', 'Añonuevo', '1', 0),
('31160800065', '7', '0714', 'Galilei', 'Portugal', 'Charles Ian Louis', 'Insigne', '1', 0),
('31160800077', '8', '0817', 'Mendel', 'Javier', 'Enzo Elijah', 'Arevalo', '1', 0),
('31160800086', '7', '0716', 'Hubble', 'Bordales', 'Michael', 'Palma', '1', 0),
('31160800093', '7', '0713', 'Copernicus', 'Esmael', 'Mohammad Yousef', 'Datumanong', '1', 0),
('31160800099', '7', '0714', 'Galilei', 'Tungul', 'Matthew Christopher', 'Joseph', '1', 0),
('31160800104', '7', '0717', 'Kepler', 'Semilla', 'Harleen Mikaela', 'Sarmiento', '2', 0),
('31160800113', '7', '0711', 'Armstrong', 'Sampuang', 'Makaila Kierstine', 'Garces', '2', 0),
('31160800126', '7', '0712', 'Cassini', 'Abellera', 'Ivan Asher', 'Rinchon', '1', 0),
('31160800141', '7', '0713', 'Copernicus', 'Benavidez', 'Eunice Collete', 'Antonio', '2', 0),
('31160800142', '7', '0718', 'Ptolemy', 'Parungao', 'Jose Lorenzo', 'Ragay', '1', 0),
('31160800149', '7', '0713', 'Copernicus', 'Manuel', 'Ivan Cedric', 'Valdez', '1', 0),
('31160800161', '7', '0713', 'Copernicus', 'Patulot', 'Jed Andrai', 'Martinez', '1', 0),
('31160800162', '7', '0711', 'Armstrong', 'Dimaano', 'Sharmaine Jewel', 'Tade', '2', 0),
('31160800164', '7', '0713', 'Copernicus', 'Quiazon', 'Gaddiel Lucas', 'Balmes', '1', 0),
('31160800166', '7', '0714', 'Galilei', 'Moyano', 'Paul Matthew', 'Lorete', '1', 0),
('31160800168', '8', '0816', 'Linnaeus', 'Garcia', 'Jacob Mikel', 'Pajares', '1', 0),
('31160800177', '7', '0718', 'Ptolemy', 'Buezon', 'Andrea Brielle', 'Arevalo', '2', 0),
('31160800179', '8', '0811', 'Aristotle', 'Gianan', 'Elen Emerald', 'Mediavillo', '2', 0),
('31160800189', '7', '0718', 'Ptolemy', 'Diestro', 'Gabrielle Angela', 'Pablo', '2', 0),
('31160800194', '7', '0716', 'Hubble', 'Evanculla', 'Wilhemn Timothy', 'Patricio', '1', 0),
('31160800199', '8', '0814', 'Hooke', 'Hermoso', 'John Ethan', 'Bo', '1', 0),
('31160800205', '7', '0718', 'Ptolemy', 'Vismonte', 'Heleina Ysabel', 'Carlos', '2', 0),
('31160800209', '7', '0715', 'Halley', 'Linatoc', 'Lyle Daniel', 'Cabral', '1', 0),
('31160800216', '7', '0714', 'Galilei', 'Bu?ag', 'Tristan Avram', 'Gaviola', '1', 0),
('31160800222', '7', '0713', 'Copernicus', 'Dagami', 'Alliyah Zue', 'Da-Ulong', '2', 0),
('31160800224', '7', '0718', 'Ptolemy', 'Raspado', 'Michaela Johna', 'Ballais', '2', 0),
('31160800225', '7', '0715', 'Halley', 'Sanchez', 'Ghyan Forrest', 'Mercado', '1', 0),
('31160800227', '7', '0718', 'Ptolemy', 'Rupisan', 'Nathaniel Christopher', 'Mejia', '1', 0),
('31160800228', '7', '0715', 'Halley', 'Guerzon', 'Ramiel Gerald', 'Pita', '1', 0),
('31160800230', '7', '0717', 'Kepler', 'Soriano', 'Johann Elise', 'Martin', '1', 0),
('31160800242', '8', '0818', 'Pasteur', 'Salvador', 'Ilysh Nevaeh', 'Limpin', '2', 0),
('31160800248', '7', '0717', 'Kepler', 'Perez', 'John Adrian', 'Docto', '1', 0),
('31160800258', '7', '0716', 'Hubble', 'Rodriguez', 'Robbie Leon', 'Albay', '1', 0),
('31160800264', '7', '0719', 'Herschel', 'Indino', 'Elliot Declan', 'Rivera', '1', 0),
('31160800265', '7', '0719', 'Herschel', 'Indino', 'Dana Elloise', 'Rivera', '2', 0),
('31160800266', '7', '0715', 'Halley', 'Macaranas', 'Iyannah Jireh', 'Bravo', '2', 0),
('31160800271', '7', '0718', 'Ptolemy', 'Filio', 'Christina Isabella', 'Endozo', '2', 0),
('31160800278', '7', '0718', 'Ptolemy', 'Sahidjuan', 'Rasha', 'Abuel', '2', 0),
('31160800287', '7', '0715', 'Halley', 'Ramber', 'Rahma', 'Pagayawan', '2', 0),
('31160800291', '7', '0716', 'Hubble', 'Diñozo', 'Aeesha Frances Margaux', 'Nisperos', '2', 0),
('31160800293', '7', '0716', 'Hubble', 'Quitalig', 'Clare Dionne', 'Tanega', '2', 0),
('31160800299', '7', '0713', 'Copernicus', 'Omar', 'Ahmad Nizam', 'Mala', '1', 0),
('31160800302', '7', '0713', 'Copernicus', 'Santos', 'Rinzen', 'Manzano', '1', 0),
('31160800304', '7', '0716', 'Hubble', 'Ramos', 'Gabryle', 'Guanlao', '1', 0),
('31160800311', '7', '0718', 'Ptolemy', 'Friginal', 'Dylan Caleb Alain', 'De Jesus', '1', 0),
('31160800317', '7', '0715', 'Halley', 'Largo', 'Kate Madeleine', 'Arispe', '2', 0),
('31160800322', '7', '0718', 'Ptolemy', 'Coronel', 'Kate Heaven', 'Fulge', '2', 0),
('31160800325', '8', '0819', 'Vesalius', 'Macalma', 'Zyrenne Alexa', 'Mangahas', '2', 0),
('31160800337', '7', '0713', 'Copernicus', 'Reyes', 'Jill Einsley', 'Pamilaga', '2', 0),
('31160800338', '7', '0718', 'Ptolemy', 'Calixtro', 'Ryan Cedric', 'Castro', '1', 0),
('31160800352', '7', '0716', 'Hubble', 'Gamilo', 'Sarah Eona Theri', 'Lopez', '2', 0),
('31160800363', '7', '0715', 'Halley', 'Pajarillo', 'Zoe Faith', 'Gosilatar', '2', 0),
('31160800365', '7', '0717', 'Kepler', 'Reyes', 'Aisha Miccaela', 'Compania', '2', 0),
('31160800366', '7', '0712', 'Cassini', 'Ocampo', 'Joaquin Alexis', 'Garcia', '1', 0),
('31160800370', '7', '0715', 'Halley', 'Palomar', 'Nathaniel Halsten', 'Muega', '1', 0),
('31160800371', '7', '0713', 'Copernicus', 'Castillo', 'Reese Rafael', 'Añasco', '1', 0),
('31160800380', '7', '0719', 'Herschel', 'Ramiscal', 'Raven Victor', 'Espiso', '1', 0),
('31160800382', '8', '0817', 'Mendel', 'Jose', 'Althea Cassandra', 'Sinson', '2', 0),
('31160800402', '7', '0719', 'Herschel', 'Santos', 'Allyza Faith', 'Aquino', '2', 0),
('31160800406', '7', '0717', 'Kepler', 'Sangcopan', 'Nur Hamdhi', 'Decampong', '1', 0),
('31160800408', '7', '0717', 'Kepler', 'Ramilla', 'Deen Aden', 'Kwan', '1', 0),
('31160800414', '7', '0718', 'Ptolemy', 'Tamano', 'Amirah Azza', 'Latiph', '2', 0),
('31160800421', '7', '0717', 'Kepler', 'Ulod', 'Ayana', 'Pacio', '2', 0),
('31160800429', '7', '0716', 'Hubble', 'Escano', 'Jeremy', 'Entena', '1', 0),
('31160800431', '7', '0711', 'Armstrong', 'Sangel', 'Liam James', 'Villanueva', '1', 0),
('31160800434', '7', '0713', 'Copernicus', 'Dekay', 'Mohammad Abdullah Essa', 'Sahidjuan', '1', 0),
('31160800435', '7', '0713', 'Copernicus', 'Afable', 'Sophia Reese', 'Dela Cruz', '2', 0),
('31160800443', '7', '0717', 'Kepler', 'Aspiras', 'Teresa Ysabelle', 'De Guzman', '2', 0),
('31160800455', '7', '0716', 'Hubble', 'Alfonso', 'Prince Henry', 'Marcelo', '1', 0),
('31160800457', '7', '0718', 'Ptolemy', 'Carambas', 'Matt Adison', 'Caasi', '1', 0),
('31160800469', '7', '0716', 'Hubble', 'Gelvezon', 'Gillian Therese', 'San Pedro', '2', 0),
('31160800489', '7', '0715', 'Halley', 'Ballesteros', 'Grace Pauline', 'Limjuco', '2', 0),
('31160800496', '7', '0717', 'Kepler', 'Austria', 'Shian Mishael', 'Mendez', '2', 0),
('31160800498', '7', '0714', 'Galilei', 'Panes', 'Ysabelle Kaeth', 'Farren', '2', 0),
('31160800501', '7', '0711', 'Armstrong', 'Cruz', 'Isaiah', 'Padilla', '1', 0),
('31160800504', '7', '0718', 'Ptolemy', 'Tamayo', 'Erin Gabrielle', 'Balmes', '2', 0),
('31160800508', '7', '0716', 'Hubble', 'Garcia', 'Marcus Daniel', 'Dacutanan', '1', 0),
('31160800519', '7', '0716', 'Hubble', 'Baguinsodon', 'Yousuf', 'Ubaran', '1', 0),
('31160800524', '7', '0714', 'Galilei', 'Hortelano', 'Vyvien Sammer', 'Tejada', '2', 0),
('31160800531', '7', '0719', 'Herschel', 'Doloricon', 'Kian Kal-el', 'Dimaapi', '1', 0),
('31160800535', '7', '0712', 'Cassini', 'Velasco', 'Eirene Grace', 'Manzano', '2', 0),
('31160800541', '7', '0716', 'Hubble', 'Canlas', 'Josh Emmanuel', 'Santos', '1', 0),
('31160800547', '7', '0717', 'Kepler', 'Mendoza', 'Josh Daniel', 'Chome', '1', 0),
('31160800548', '7', '0712', 'Cassini', 'Nucos', 'Martina Margaret', 'Valiente', '2', 0),
('31160800549', '7', '0713', 'Copernicus', 'Estrella', 'Claris Dane', 'Molina', '2', 0),
('31160800557', '7', '0718', 'Ptolemy', 'Crisostomo', 'Chloe Brielle', 'Villasoto', '2', 0),
('31160800567', '7', '0714', 'Galilei', 'Nuñal', 'Emrinne Chelsey', 'Orbista', '2', 0),
('31160800569', '7', '0716', 'Hubble', 'Sinco', 'Carlisle Maveryk', 'Memorial', '1', 0),
('31160800577', '7', '0716', 'Hubble', 'Quiocson', 'Rod Daniel', 'Cerbantes', '1', 0),
('31160800578', '7', '0712', 'Cassini', 'Padrejuan', 'Mira Angelique', 'Soriano', '2', 0),
('31160800580', '7', '0715', 'Halley', 'Trinidad', 'Gabriel', 'Buencamino', '1', 0),
('31160800581', '7', '0719', 'Herschel', 'Yap', 'Laijah Jeziel', 'Brigola', '2', 0),
('31160800588', '7', '0716', 'Hubble', 'Vergara', 'Ariel Santino III', 'Kalaw', '1', 0),
('31160800593', '7', '0714', 'Galilei', 'Buendia', 'Miguel Luis', 'Sy', '1', 0),
('31160800599', '7', '0715', 'Halley', 'Villar', 'Kadesh Lian', 'Faustino', '2', 0),
('31160800606', '7', '0715', 'Halley', 'Mendoza', 'Geean Timothy', 'Domingo', '1', 0),
('31160800621', '7', '0713', 'Copernicus', 'Teves', 'Nathan Thor', 'Molina', '1', 0),
('31160800638', '7', '0712', 'Cassini', 'Jimenez', 'Nicole Amber', 'Ambrosio', '2', 0),
('31160800647', '7', '0711', 'Armstrong', 'Cruz', 'Aaron John', 'Francisco', '1', 0),
('31160800651', '7', '0711', 'Armstrong', 'Amoguis', 'Charles Anthon', 'Corpin', '1', 0),
('31160800657', '7', '0718', 'Ptolemy', 'Navales', 'Leo Antonio', 'Gillo', '1', 0),
('31160800658', '7', '0719', 'Herschel', 'Blazo', 'John Nathaniel', 'Cadano', '1', 0),
('31160800679', '7', '0711', 'Armstrong', 'Salazar', 'Odyll Thea', 'Flores', '2', 0),
('31160800692', '7', '0711', 'Armstrong', 'Mirabueno', 'Xyrheene Jianna', 'Rodiel', '2', 0),
('31160800700', '7', '0717', 'Kepler', 'Popatco', 'Jian Dominic', 'Lagat', '1', 0),
('31160800766', '7', '0718', 'Ptolemy', 'Akmad', 'Nedia Haneen', 'Untong', '2', 0),
('31160800792', '7', '0712', 'Cassini', 'Jacildo', 'Jairo Kriston', 'San Jose', '1', 0),
('31160800858', '7', '0712', 'Cassini', 'Duarte', 'William Khyler', 'Bawiin', '1', 0),
('31160800864', '7', '0718', 'Ptolemy', 'Castillo', 'Caleb Andrei', 'De Leon', '1', 0),
('31160800868', '7', '0716', 'Hubble', 'Turico', 'Wil-Mari Rose', 'Galang', '2', 0),
('31160800884', '7', '0716', 'Hubble', 'Almazora', 'Alexa Yasmine', 'Raymundo', '2', 0),
('31160800888', '7', '0717', 'Kepler', 'Caig', 'Zyann George', 'Obas', '1', 0),
('31160800890', '7', '0714', 'Galilei', 'Herrera', 'Mahesh Qaleel', 'Abocado', '1', 0),
('31160800898', '7', '0717', 'Kepler', 'Hidalgo', 'Sultan', 'Asang', '1', 0),
('31160800923', '7', '0715', 'Halley', 'Lim', 'Alana Keyan', 'Cedro', '2', 0),
('31160800961', '7', '0711', 'Armstrong', 'Piping', 'Hamad', 'Usup', '1', 0),
('31160800962', '7', '0711', 'Armstrong', 'Sanchez', 'Ariana Andrea', 'Yamio', '2', 0),
('31160800980', '7', '0714', 'Galilei', 'Lobaton', 'Gavin Rein', 'Rellama', '1', 0),
('31160800989', '7', '0714', 'Galilei', 'Ibarreta', 'Danica Elise', 'Ortiz Luis', '2', 0),
('31160800994', '7', '0716', 'Hubble', 'Colacion', 'Cayla Cwen', 'Pable', '2', 0),
('31160800995', '8', '0811', 'Aristotle', 'Gabayno', 'Yulykha', 'Dimacali', '2', 0),
('31160800997', '7', '0714', 'Galilei', 'Garcia', 'Yesha Marie', 'Tuazon', '2', 0),
('31160801006', '7', '0713', 'Copernicus', 'Magpantay', 'Andee', 'Espaldon', '2', 0),
('31160801008', '7', '0719', 'Herschel', 'Isaac', 'Alexa Gabrielle', 'Visca', '2', 0),
('31160801014', '8', '0814', 'Hooke', 'Alih', 'Amyr Ridwan', 'Hussein', '1', 0),
('31160801038', '7', '0714', 'Galilei', 'Sabino', 'Mikaela Chantal', 'Espero', '2', 0),
('31160801048', '7', '0717', 'Kepler', 'Sapiandante', 'Sherwin Aaron', 'Cayanan', '1', 0),
('31160801058', '7', '0711', 'Armstrong', 'Bautista', 'Albert Gerard', 'Ramos', '1', 0),
('31160801065', '7', '0719', 'Herschel', 'Malapitan', 'Sethdrey Raphael', 'Reyes', '1', 0),
('31160801086', '7', '0715', 'Halley', 'Yenko', 'Nate Jadriel', 'Gumarao', '1', 0),
('31160801088', '7', '0712', 'Cassini', 'Catalan', 'Ysabelle', 'Dalina', '2', 0);
INSERT INTO `students` (`username`, `level`, `sec_code`, `sec_name`, `fname`, `gname`, `mname`, `gender`, `count`) VALUES
('31160801089', '7', '0711', 'Armstrong', 'Freyra', 'Deuel Levi', 'Gonzales', '1', 0),
('31160801096', '7', '0712', 'Cassini', 'Magpoc', 'Seraphim', 'Almendras', '1', 0),
('31160801099', '7', '0713', 'Copernicus', 'Malaki', 'Arkin Paolo', 'Esplana', '1', 0),
('31160801112', '7', '0714', 'Galilei', 'Dayday', 'Terence Jr.', 'Mariano', '1', 0),
('31160801122', '7', '0717', 'Kepler', 'Ubaldo', 'Ian Daniel', 'Gatmaitan', '1', 0),
('31160801123', '7', '0717', 'Kepler', 'Bucad', 'Chelsea Chloe', 'Sigua', '2', 0),
('31160801126', '7', '0718', 'Ptolemy', 'Flores', 'Jan Anthony', 'Golin', '1', 0),
('31160801130', '7', '0716', 'Hubble', 'Aguda', 'Xean Ydrei Lloyd', 'Andres', '1', 0),
('31160801134', '7', '0711', 'Armstrong', 'Santos', 'Samantha Keisha', 'Pascual', '2', 0),
('31160801140', '7', '0717', 'Kepler', 'Sicat', 'Christian Mark', '', '1', 0),
('31160801141', '7', '0714', 'Galilei', 'Fodra', 'Sean Derick', 'Fabila', '1', 0),
('31160801153', '7', '0715', 'Halley', 'Garcia', 'Luxe Samantha', 'Palattao', '2', 0),
('31160801161', '7', '0718', 'Ptolemy', 'Macairan', 'Josh Gabriel', 'Ubaldo', '1', 0),
('31160801168', '8', '0815', 'Jenner', 'Santos', 'Cai Adrienne', 'Isidro', '2', 0),
('31160801173', '7', '0712', 'Cassini', 'Damot', 'Sarah Ellen', 'Galos', '2', 0),
('31160801194', '7', '0713', 'Copernicus', 'Lapuz', 'Jon Kane Gerard', 'Tan', '1', 0),
('31160801217', '7', '0719', 'Herschel', 'Cruz', 'Maria Mikaela', 'Mata', '2', 0),
('31160801231', '7', '0719', 'Herschel', 'Berbes', 'Faith Ezra', 'Bais', '2', 0),
('31160801235', '7', '0713', 'Copernicus', 'Esmaña', 'Ma. Ysabelle Raissa', 'Delino', '2', 0),
('31160801253', '7', '0717', 'Kepler', 'Ahmad', 'Keyaan Rasheed', 'Nooh', '1', 0),
('31160801255', '7', '0714', 'Galilei', 'Hernandez', 'Michaela Karlyn', 'Guilles', '2', 0),
('31160801268', '7', '0711', 'Armstrong', 'Marcelo', 'Angel Venice', 'Ong', '2', 0),
('31160801270', '7', '0716', 'Hubble', 'Peralta', 'Cassandra Marie', 'Cuba', '2', 0),
('31160801275', '7', '0718', 'Ptolemy', 'Anami', 'Khalda Jasmin', 'Domondon', '2', 0),
('31160801276', '7', '0717', 'Kepler', 'Vistan', 'Chase Jhiyan', 'Sibayan', '1', 0),
('31160801287', '7', '0715', 'Halley', 'Dela Cruz', 'Adrian James', 'Dantis', '1', 0),
('31160801290', '7', '0717', 'Kepler', 'Regala', 'Kobe', 'Abucejo', '1', 0),
('31160801292', '7', '0717', 'Kepler', 'Chavez', 'Simon', 'Madlangbayan', '1', 0),
('31160801293', '7', '0714', 'Galilei', 'Valera', 'Aneeqa Rania', 'Abdullah', '2', 0),
('31160801308', '7', '0716', 'Hubble', 'Sese', 'Gwyneth Irish', 'Castro', '2', 0),
('31160801310', '7', '0716', 'Hubble', 'Apolinar', 'Aldrich Rey Miguel', 'Villarente', '1', 0),
('31160801314', '7', '0718', 'Ptolemy', 'Hernandez', 'Heleina Brielle', 'Ro1s', '2', 0),
('31160801320', '7', '0718', 'Ptolemy', 'Lucena', 'Johneli Marnee', 'Villaflor', '2', 0),
('31160801321', '8', '0812', 'Darwin', 'Alavera', 'Ashira Aisha', 'Dela Cruz', '2', 0),
('31160801351', '7', '0711', 'Armstrong', 'Fajardo', 'Marcus Gabriel', 'Navarro', '1', 0),
('31160801357', '7', '0715', 'Halley', 'Clavaton', 'Sophia Mae', 'Sinio', '2', 0),
('31160801358', '7', '0715', 'Halley', 'Suan', 'Seon Patrick', 'Sorilo', '1', 0),
('31160801360', '8', '0812', 'Darwin', 'Talib', 'Tareeq', 'Isnani', '1', 0),
('31160801361', '7', '0716', 'Hubble', 'Caingat', 'Alyssa Jem', 'Morales', '2', 0),
('31160801364', '7', '0711', 'Armstrong', 'Calma', 'Johanne Christianszen', 'San Gabriel', '1', 0),
('31160801371', '7', '0719', 'Herschel', 'Ko', 'Joaquin Gabriel', 'Shih', '1', 0),
('31160801378', '7', '0712', 'Cassini', 'Sadjail', 'Adel', 'Fernandez', '1', 0),
('31160801384', '7', '0711', 'Armstrong', 'Magtibay', 'Sophia Yzabelle', 'Llacuna', '2', 0),
('31160801385', '7', '0714', 'Galilei', 'Gutierrez', 'Ezekiel David', 'Bellomo', '1', 0),
('31160801389', '7', '0713', 'Copernicus', 'Cayetano', 'Kafka', 'Pili', '1', 0),
('31160801390', '7', '0711', 'Armstrong', 'Gonzales', 'Aeesha Emma', 'Legaspi', '2', 0),
('31160801391', '7', '0718', 'Ptolemy', 'Joval', 'Gene Trevor', 'Bordallo', '1', 0),
('31160801436', '7', '0713', 'Copernicus', 'Mabasa', 'Mechaileigh Rees', 'Doruelo', '2', 0),
('31160801437', '7', '0712', 'Cassini', 'Patulot', 'Anthony Eli', 'Boras', '1', 0),
('31160801440', '7', '0713', 'Copernicus', 'Clotario', 'Shiri Andrea', 'Maata', '2', 0),
('31160801442', '7', '0717', 'Kepler', 'De Jesus', 'Sami', 'Aunal', '1', 0),
('31160801443', '7', '0714', 'Galilei', 'Salik', 'Aiman Jacob', 'Ansao', '1', 0),
('31160801446', '7', '0714', 'Galilei', 'Salomon', 'Jun Kristian', 'Caritativo', '1', 0),
('31160801462', '7', '0718', 'Ptolemy', 'Bacani', 'Vince Adrian', 'De Asis', '1', 0),
('31160801470', '7', '0712', 'Cassini', 'Riña', 'Nathalee Kate', 'Corinales', '2', 0),
('31160801474', '7', '0719', 'Herschel', 'Dela Cruz', 'Mon Elnathan', 'Abella', '1', 0),
('31160801491', '7', '0713', 'Copernicus', 'Nucup', 'Anthony Jaiden', 'Garcia', '1', 0),
('31160801497', '7', '0715', 'Halley', 'Dela Cruz', 'Jan Zairene', 'Salazar', '1', 0),
('31160801505', '7', '0718', 'Ptolemy', 'Gabriel', 'Sebastian', 'Merano', '1', 0),
('31160801506', '7', '0715', 'Halley', 'Saile', 'Julia Ysabelle', 'Labisig', '2', 0),
('31160801509', '7', '0717', 'Kepler', 'Quevedo', 'Kezia Eunice', 'Chan', '2', 0),
('31160801510', '7', '0714', 'Galilei', 'Bustillos', 'Kyan Lourdes', 'Bautista', '2', 0),
('31160801512', '7', '0711', 'Armstrong', 'Tirandaz', 'Azita Alexis', 'Villamor', '2', 0),
('31160801515', '7', '0715', 'Halley', 'Taguidid', 'Youssef', 'Hasan', '1', 0),
('31160801517', '7', '0714', 'Galilei', 'Avila', 'Marcus Stephen', 'Ching', '1', 0),
('31160801537', '7', '0711', 'Armstrong', 'Meyer', 'Kathlyn Chelsea', 'Joslyn', '2', 0),
('31160801538', '7', '0712', 'Cassini', 'Garcia', 'Allan Nxis', 'Roxas', '1', 0),
('31160801545', '7', '0711', 'Armstrong', 'Pepito', 'Joehann Meldrick', 'Mendoza', '1', 0),
('31160801548', '7', '0719', 'Herschel', 'Udtuhan', 'Rhizmael Gabriel', 'Percia', '1', 0),
('31160801551', '8', '0811', 'Aristotle', 'Sta. Ana', 'Elle Zoe Wafa', 'Victorino', '2', 0),
('31160801554', '7', '0715', 'Halley', 'Elegino', 'Candra Antoinette', 'Alvarez', '2', 0),
('31160801567', '7', '0714', 'Galilei', 'Narzoles', 'Kenzo Yamil', '', '1', 0),
('31160801579', '7', '0717', 'Kepler', 'Maghari', 'Samantha Janielle', 'Roldan', '2', 0),
('31160801583', '7', '0718', 'Ptolemy', 'Villanueva', 'Keshia Naomi', 'De Leon', '2', 0),
('31160801585', '8', '0815', 'Jenner', 'Salinas', 'Kyle David', 'Bartolome', '1', 0),
('31160801610', '7', '0719', 'Herschel', 'Castillo', 'Lyjel Emirates', 'Trinidad', '2', 0),
('31160801616', '7', '0719', 'Herschel', 'Alcaraz', 'Harchell Zyreen', 'Responso', '2', 0),
('31160801642', '7', '0715', 'Halley', 'Motol', 'Vera', 'Fabrero', '2', 0),
('31160801644', '7', '0716', 'Hubble', 'Caballero', 'Ricelle Mia Aika', 'Orindain', '2', 0),
('31173601108', '7', '0716', 'Hubble', 'Gornas', 'Noon', 'Mohamed', '2', 0),
('31181802364', '7', '0719', 'Herschel', 'Osman', 'Basim', 'Ayman Abdelmohye Abdelghany', '1', 0),
('31181804476', '7', '0718', 'Ptolemy', 'Hamdy', 'Gaser Ahmed Mahmoud', 'Ahmed', '1', 0),
('31184000601', '7', '0715', 'Halley', 'Roque', 'Adam Yuri', 'Talastas', '1', 0),
('31256600004', '7', '0712', 'Cassini', 'Elogie', 'Rehoboth', 'Omokhosa', '2', 0),
('31258600228', '7', '0714', 'Galilei', 'Khan', 'Muhammad Asif', 'Barrios', '1', 0),
('31260800010', '7', '0711', 'Armstrong', 'Muñoz', 'Fenella', 'Veloso', '2', 0),
('31260800065', '7', '0717', 'Kepler', 'Ali', 'Atasha Mielle', 'Castillo', '2', 0),
('31260800067', '7', '0716', 'Hubble', 'Singh', 'Ysabella Grace', 'Angeles', '2', 0),
('31260800075', '7', '0719', 'Herschel', 'Alferez', 'Lance Irvine', 'Reyes', '1', 0),
('31260800105', '7', '0716', 'Hubble', 'Villanueva', 'Dana Cassandra', 'Magno', '2', 0),
('31260800155', '7', '0712', 'Cassini', 'Dilig', 'Tessandra Simone', 'Edulian', '2', 0),
('31260800160', '7', '0718', 'Ptolemy', 'Evangelista', 'Elicia Rein', 'Liwanag', '2', 0),
('31260800170', '7', '0712', 'Cassini', 'Francisco', 'Queisha Angela', 'Evardone', '2', 0),
('31260800172', '7', '0717', 'Kepler', 'Salcedo', 'Bede Gabriel', 'Litan', '1', 0),
('31260800213', '7', '0714', 'Galilei', 'Tingzon', 'Isabella Rayne', 'Santiago', '2', 0),
('31260800215', '7', '0719', 'Herschel', 'Dela Cruz', 'Gabryel Ajhay', 'Vizcarra', '1', 0),
('31260800258', '7', '0715', 'Halley', 'Mamao', 'Zakary', 'Amparo', '1', 0),
('31260800312', '7', '0712', 'Cassini', 'Mundala', 'Theo Miguel', 'Malinao', '1', 0),
('31260800418', '7', '0713', 'Copernicus', 'Duran', 'Raed', 'Atowan', '1', 0),
('31260800914', '7', '0711', 'Armstrong', 'Favor', 'Jlena Aeisha', 'Lazaro', '2', 0),
('31260801154', '7', '0712', 'Cassini', 'Santos', 'Casey Adrien', 'Isidro', '1', 0);

--
-- Indexes for dumped tables
--

--
-- Indexes for table `a_codes`
--
ALTER TABLE `a_codes`
  ADD UNIQUE KEY `1` (`id`);

--
-- Indexes for table `section`
--
ALTER TABLE `section`
  ADD PRIMARY KEY (`sec_code`);

--
-- Indexes for table `students`
--
ALTER TABLE `students`
  ADD PRIMARY KEY (`username`);

--
-- AUTO_INCREMENT for dumped tables
--

--
-- AUTO_INCREMENT for table `a_codes`
--
ALTER TABLE `a_codes`
  MODIFY `id` int(11) NOT NULL AUTO_INCREMENT, AUTO_INCREMENT=201;
COMMIT;

/*!40101 SET CHARACTER_SET_CLIENT=@OLD_CHARACTER_SET_CLIENT */;
/*!40101 SET CHARACTER_SET_RESULTS=@OLD_CHARACTER_SET_RESULTS */;
/*!40101 SET COLLATION_CONNECTION=@OLD_COLLATION_CONNECTION */;
